# Made in Blockbench 5.0.7
mtllib hydrocyclone.mtl

o mesh
v 1 -0.75 2
v 1 -0.75 1
v 1 -1 2
v 1 -1 1
v 0 -0.75 2
v 0 -0.75 1
v 0 -1 2
v 0 -1 1
v 1 -0.5 -1
v 1 -0.5 0
v 1 -1 -1
v 1 -1 0
v 0 -0.5 -1
v 0 -0.5 0
v 0 -1 -1
v 0 -1 0
v 0 -0.5 2
v 0 -0.5 1
v 0 -1 2
v 0 -1 1
v -1 -0.5 2
v -1 -0.5 1
v -1 -1 2
v -1 -1 1
v 0 -0.5 -1
v 0 -0.5 0
v 0 -1 -1
v 0 -1 0
v -1 -0.5 -1
v -1 -0.5 0
v -1 -1 -1
v -1 -1 0
v 1 -0.5 -1
v 1 -0.5 0
v 1 -1 -1
v 1 -1 0
v 2 -0.5 -1
v 2 -0.5 0
v 2 -1 -1
v 2 -1 0
v 1 -0.5 2
v 1 -0.5 1
v 1 -1 2
v 1 -1 1
v 2 -0.5 2
v 2 -0.5 1
v 2 -1 2
v 2 -1 1
v -0.625 -0.25 -0.875
v -0.625 -0.25 -0.5
v -0.625 -0.5 -0.875
v -0.625 -0.5 -0.5
v -0.25 -0.25 -0.875
v -0.25 -0.25 -0.5
v -0.25 -0.5 -0.875
v -0.25 -0.5 -0.5
v 1.625 -0.25 -0.875
v 1.625 -0.25 -0.5
v 1.625 -0.5 -0.875
v 1.625 -0.5 -0.5
v 1.25 -0.25 -0.875
v 1.25 -0.25 -0.5
v 1.25 -0.5 -0.875
v 1.25 -0.5 -0.5
v 1.625 -0.25 1.375
v 1.625 -0.25 1
v 1.625 -0.5 1.375
v 1.625 -0.5 1
v 1.25 -0.25 1.375
v 1.25 -0.25 1
v 1.25 -0.5 1.375
v 1.25 -0.5 1
v -0.625 -0.25 1.375
v -0.625 -0.25 1
v -0.625 -0.5 1.375
v -0.625 -0.5 1
v -0.25 -0.25 1.375
v -0.25 -0.25 1
v -0.25 -0.5 1.375
v -0.25 -0.5 1
v -0.6875 0 1.6875
v -0.6875 0 1.3125
v -0.6875 -0.5 1.6875
v -0.6875 -0.5 1.3125
v -0.3125 0 1.6875
v -0.3125 0 1.3125
v -0.3125 -0.5 1.6875
v -0.3125 -0.5 1.3125
v -0.6875 0.5 1.6875
v -0.6875 0.5 1.3125
v -0.6875 0 1.6875
v -0.6875 0 1.3125
v -0.3125 0.5 1.6875
v -0.3125 0.5 1.3125
v -0.3125 0 1.6875
v -0.3125 0 1.3125
v -0.6875 1 1.6875
v -0.6875 1 1.3125
v -0.6875 0.5 1.6875
v -0.6875 0.5 1.3125
v -0.3125 1 1.6875
v -0.3125 1 1.3125
v -0.3125 0.5 1.6875
v -0.3125 0.5 1.3125
v -0.6875 1.5 1.6875
v -0.6875 1.5 1.3125
v -0.6875 1 1.6875
v -0.6875 1 1.3125
v -0.3125 1.5 1.6875
v -0.3125 1.5 1.3125
v -0.3125 1 1.6875
v -0.3125 1 1.3125
v -0.6875 1.99375 1.6875
v -0.6875 2 1.3125
v -0.6875 1.49375 1.6875
v -0.6875 1.5 1.3125
v -0.3125 1.99375 1.6875
v -0.3125 2 1.3125
v -0.3125 1.49375 1.6875
v -0.3125 1.5 1.3125
v -0.8125 2 1.8125
v -0.8125 2 1.1875
v -0.8125 1.75 1.8125
v -0.8125 1.75 1.1875
v -0.1875 2 1.8125
v -0.1875 2 1.1875
v -0.1875 1.75 1.8125
v -0.1875 1.75 1.1875
v -0.625 0.0625 -0.875
v -0.625 0.0625 1.375
v -0.625 -0.25 -0.875
v -0.625 -0.25 1.375
v 1.625 0.0625 -0.875
v 1.625 0.0625 1.375
v 1.625 -0.25 -0.875
v 1.625 -0.25 1.375
v -0.0625 1 -0.3125
v -0.0625 1 0.8125
v -0.0625 -0.0625 -0.3125
v -0.0625 -0.0625 0.8125
v 1.0625 1 -0.3125
v 1.0625 1 0.8125
v 1.0625 -0.0625 -0.3125
v 1.0625 -0.0625 0.8125
v -0.25 1.4375 -0.5
v -0.25 1.4375 1
v -0.25 1 -0.5
v -0.25 1 1
v 1.25 1.4375 -0.5
v 1.25 1.4375 1
v 1.25 1 -0.5
v 1.25 1 1
v -0.0625 1.625 -0.3125
v -0.0625 1.625 0.8125
v -0.0625 1.4375 -0.3125
v -0.0625 1.4375 0.8125
v 1.0625 1.625 -0.3125
v 1.0625 1.625 0.8125
v 1.0625 1.4375 -0.3125
v 1.0625 1.4375 0.8125
v 0.28125 1.5638658861888564 -1.1766813848912574
v 0.28125 1.639836963918138 -0.7458279929484162
v 0.28125 1.4407649170623298 -1.1549753626828911
v 0.28125 1.5167359947916124 -0.7241219707400499
v 0.71875 1.5638658861888564 -1.1766813848912574
v 0.71875 1.639836963918138 -0.7458279929484162
v 0.71875 1.4407649170623298 -1.1549753626828911
v 0.71875 1.5167359947916124 -0.7241219707400499
v 0.25 1.3737879269469753 -1.1748975938603392
v 0.25 1.4606120157804408 -0.6824937173542356
v 0.25 0.8198335658776084 -1.0772204939226908
v 0.25 0.9066576547110738 -0.5848166174165872
v 0.75 1.3737879269469753 -1.1748975938603392
v 0.75 1.4606120157804408 -0.6824937173542356
v 0.75 0.8198335658776084 -1.0772204939226908
v 0.75 0.9066576547110738 -0.5848166174165872
v 0.375 1.3510973642257529 -0.7108062402365425
v 0.375 1.3510973642257529 -0.21080624023654226
v 0.375 1.1010973642257529 -0.7108062402365425
v 0.375 1.1010973642257529 -0.21080624023654226
v 0.625 1.3510973642257529 -0.7108062402365425
v 0.625 1.3510973642257529 -0.21080624023654226
v 0.625 1.1010973642257529 -0.7108062402365425
v 0.625 1.1010973642257529 -0.21080624023654226
v 0.3125 0.8306865769817917 -1.015670009359428
v 0.3125 0.8958046436068905 -0.64636710197985
v 0.3125 0.33828270047568765 -0.9288459205259629
v 0.3125 0.40340076710078643 -0.559543013146385
v 0.6875 0.8306865769817917 -1.015670009359428
v 0.6875 0.8958046436068905 -0.64636710197985
v 0.6875 0.33828270047568765 -0.9288459205259629
v 0.6875 0.40340076710078643 -0.559543013146385
v 0.375 0.3491357115798708 -0.8672954359627001
v 0.375 0.3925477559966033 -0.6210934977096478
v 0.375 -0.1432681649262333 -0.7804713471292346
v 0.375 -0.09985612050950077 -0.5342694088761828
v 0.625 0.3491357115798708 -0.8672954359627001
v 0.625 0.3925477559966033 -0.6210934977096478
v 0.625 -0.1432681649262333 -0.7804713471292346
v 0.625 -0.09985612050950077 -0.5342694088761828
v 0.40625 1.9548748157768001 -1.11869848238983
v 0.40625 1.9874338490893493 -0.9340470287000411
v 0.40625 1.4009204547074328 -1.0210213824521817
v 0.40625 1.4334794880199824 -0.8363699287623927
v 0.59375 1.9548748157768001 -1.11869848238983
v 0.59375 1.9874338490893493 -0.9340470287000411
v 0.59375 1.4009204547074328 -1.0210213824521817
v 0.59375 1.4334794880199824 -0.8363699287623927
v 0.40625 2.0742579379228143 -0.441643152193937
v 0.40625 2.106816971235364 -0.25699169850414805
v 0.40625 1.5203035768534479 -0.3439660522562886
v 0.40625 1.552862610165997 -0.15931459856649965
v 0.59375 2.0742579379228143 -0.441643152193937
v 0.59375 2.106816971235364 -0.25699169850414805
v 0.59375 1.5203035768534479 -0.3439660522562886
v 0.59375 1.552862610165997 -0.15931459856649965
v 0.40625 2.074257937922815 -0.44164315219393724
v 0.40625 1.8896064842330262 -0.40908411888138785
v 0.40625 1.9874338490893502 -0.9340470287000411
v 0.40625 1.8027823953995608 -0.9014879953874919
v 0.59375 2.074257937922815 -0.44164315219393724
v 0.59375 1.8896064842330262 -0.40908411888138785
v 0.59375 1.9874338490893502 -0.9340470287000411
v 0.59375 1.8027823953995608 -0.9014879953874919
v -0.6634956902337801 1.5638658861888564 -0.6041364734646657
v -0.3588363350937718 1.639836963918138 -0.2994771183246574
v -0.6481472147376586 1.4407649170623298 -0.5887879979685442
v -0.34348785959765027 1.5167359947916124 -0.28412864282853567
v -0.3541364734646657 1.5638658861888564 -0.9134956902337801
v -0.0494771183246574 1.639836963918138 -0.6088363350937716
v -0.338787997968544 1.4407649170623298 -0.8981472147376586
v -0.03412864282853567 1.5167359947916124 -0.5934878595976505
v -0.6843314464116779 1.3737879269469753 -0.5807780558184041
v -0.3361493262516684 1.4606120157804408 -0.23259593565839465
v -0.6152633066791307 0.8198335658776084 -0.5117099160858567
v -0.26708118651912116 0.9066576547110738 -0.16352779592584743
v -0.33077805581840414 1.3737879269469753 -0.9343314464116776
v 0.017404064341605296 1.4606120157804408 -0.5861493262516682
v -0.2617099160858569 0.8198335658776084 -0.8652633066791307
v 0.08647220407415251 0.9066576547110738 -0.5170811865191212
v -0.2677809555259286 1.3510973642257529 -0.34100426022929176
v 0.08577243506734517 1.3510973642257529 0.012549130363981975
v -0.2677809555259286 1.1010973642257529 -0.34100426022929176
v 0.08577243506734517 1.1010973642257529 0.012549130363981975
v -0.09100426022929176 1.3510973642257529 -0.5177809555259287
v 0.26254913036398203 1.3510973642257529 -0.16422756493265478
v -0.09100426022929176 1.1010973642257529 -0.5177809555259287
v 0.26254913036398203 1.1010973642257529 -0.16422756493265478
v -0.5275463678349703 0.8306865769817917 -0.5123813248900149
v -0.2664097777149632 0.8958046436068905 -0.25124473477000775
v -0.46615246585048387 0.33828270047568765 -0.4509874229055286
v -0.20501587573047675 0.40340076710078643 -0.1898508327855215
v -0.262381324890015 0.8306865769817917 -0.7775463678349706
v -0.0012447347700078604 0.8958046436068905 -0.516409777714963
v -0.20098742290552862 0.33828270047568765 -0.7161524658504836
v 0.06014916721447855 0.40340076710078643 -0.45501587573047675
v -0.37843552700632344 0.3491357115798708 -0.45165883170968657
v -0.2043444669263187 0.3925477559966033 -0.2775677716296818
v -0.3170416250218371 -0.1432681649262333 -0.3902649297252001
v -0.14295056494183234 -0.09985612050950077 -0.21617386964519536
v -0.20165883170968657 0.3491357115798708 -0.6284355270063235
v -0.027567771629681825 0.3925477559966033 -0.4543444669263188
v -0.14026492972520022 -0.1432681649262333 -0.5670416250218371
v 0.03382613035480453 -0.09985612050950077 -0.39295056494183234
v -0.5341072390338242 1.9548748157768001 -0.6515247175613466
v -0.4035389439738206 1.9874338490893493 -0.5209564225013432
v -0.46503909930127696 1.4009204547074328 -0.5824565778287996
v -0.3344708042412734 1.4334794880199824 -0.4518882827687958
v -0.40152471756134656 1.9548748157768001 -0.7841072390338244
v -0.270956422501343 1.9874338490893493 -0.6535389439738206
v -0.33245657782879934 1.4009204547074328 -0.715039099301277
v -0.20188828276879578 1.4334794880199824 -0.5844708042412732
v -0.05535682381381113 2.0742579379228143 -0.1727743023413335
v 0.07521147124619237 2.106816971235364 -0.04220600728132995
v 0.013711315918736033 1.5203035768534479 -0.10370616260878629
v 0.1442796109787396 1.552862610165997 0.02686213245121727
v 0.07722569765866649 2.0742579379228143 -0.30535682381381113
v 0.20779399271867005 2.106816971235364 -0.17478852875380757
v 0.1462938373912137 1.5203035768534479 -0.2362886840812639
v 0.27686213245121727 1.552862610165997 -0.10572038902126035
v -0.05535682381381102 2.074257937922815 -0.17277430234133329
v -0.03233411056962854 1.8896064842330262 -0.1497515890971508
v -0.4035389439738205 1.9874338490893502 -0.5209564225013428
v -0.380516230729638 1.8027823953995608 -0.4979337092571603
v 0.0772256976586666 2.074257937922815 -0.30535682381381113
v 0.10024841090284908 1.8896064842330262 -0.28233411056962865
v -0.2709564225013429 1.9874338490893502 -0.6535389439738206
v -0.2479337092571604 1.8027823953995608 -0.6305162307296381
v -0.9266813848912574 1.5638658861888564 0.46874999999999956
v -0.4958279929484164 1.639836963918138 0.4687499999999998
v -0.9049753626828911 1.4407649170623298 0.46874999999999956
v -0.47412197074005014 1.5167359947916124 0.4687499999999998
v -0.9266813848912572 1.5638658861888564 0.031249999999999778
v -0.4958279929484162 1.639836963918138 0.03125
v -0.9049753626828909 1.4407649170623298 0.031249999999999778
v -0.4741219707400499 1.5167359947916124 0.03125
v -0.9248975938603394 1.3737879269469753 0.49999999999999956
v -0.43249371735423536 1.4606120157804408 0.4999999999999998
v -0.827220493922691 0.8198335658776084 0.49999999999999956
v -0.3348166174165872 0.9066576547110738 0.4999999999999998
v -0.9248975938603392 1.3737879269469753 -2.220446049250313e-16
v -0.43249371735423525 1.4606120157804408 0
v -0.8272204939226908 0.8198335658776084 -2.220446049250313e-16
v -0.33481661741658697 0.9066576547110738 0
v -0.46080624023654226 1.3510973642257529 0.3749999999999998
v 0.039193759763457625 1.3510973642257529 0.375
v -0.46080624023654226 1.1010973642257529 0.3749999999999998
v 0.039193759763457625 1.1010973642257529 0.375
v -0.46080624023654215 1.3510973642257529 0.12499999999999978
v 0.039193759763457736 1.3510973642257529 0.125
v -0.46080624023654215 1.1010973642257529 0.12499999999999978
v 0.039193759763457736 1.1010973642257529 0.125
v -0.765670009359428 0.8306865769817917 0.43749999999999956
v -0.39636710197985014 0.8958046436068905 0.4374999999999998
v -0.6788459205259629 0.33828270047568765 0.43749999999999956
v -0.309543013146385 0.40340076710078643 0.4374999999999998
v -0.765670009359428 0.8306865769817917 0.06249999999999978
v -0.39636710197985003 0.8958046436068905 0.06249999999999978
v -0.6788459205259627 0.33828270047568765 0.06249999999999978
v -0.30954301314638477 0.40340076710078643 0.06249999999999978
v -0.6172954359626999 0.3491357115798708 0.37499999999999956
v -0.37109349770964783 0.3925477559966033 0.3749999999999998
v -0.5304713471292346 -0.1432681649262333 0.37499999999999956
v -0.2842694088761828 -0.09985612050950077 0.3749999999999998
v -0.6172954359626996 0.3491357115798708 0.12499999999999978
v -0.37109349770964783 0.3925477559966033 0.12499999999999978
v -0.5304713471292346 -0.1432681649262333 0.12499999999999978
v -0.2842694088761827 -0.09985612050950077 0.12499999999999978
v -0.86869848238983 1.9548748157768001 0.34374999999999956
v -0.6840470287000411 1.9874338490893493 0.3437499999999998
v -0.7710213824521817 1.4009204547074328 0.34374999999999956
v -0.5863699287623927 1.4334794880199824 0.3437499999999998
v -0.86869848238983 1.9548748157768001 0.15624999999999978
v -0.6840470287000411 1.9874338490893493 0.15624999999999978
v -0.7710213824521817 1.4009204547074328 0.15624999999999978
v -0.5863699287623927 1.4334794880199824 0.15624999999999978
v -0.19164315219393713 2.0742579379228143 0.34375
v -0.006991698504148158 2.106816971235364 0.34375
v -0.09396605225628885 1.5203035768534479 0.34375
v 0.09068540143350012 1.552862610165997 0.34375
v -0.19164315219393713 2.0742579379228143 0.15625
v -0.006991698504148158 2.106816971235364 0.15625
v -0.09396605225628873 1.5203035768534479 0.15625
v 0.09068540143350023 1.552862610165997 0.15625
v -0.19164315219393713 2.074257937922815 0.34375
v -0.15908411888138774 1.8896064842330262 0.34375
v -0.6840470287000411 1.9874338490893502 0.3437499999999998
v -0.6514879953874917 1.8027823953995608 0.3437499999999998
v -0.19164315219393713 2.074257937922815 0.15625
v -0.15908411888138774 1.8896064842330262 0.15625
v -0.6840470287000411 1.9874338490893502 0.15624999999999978
v -0.6514879953874915 1.8027823953995608 0.15624999999999978
v -0.3541364734646659 1.5638658861888555 1.413495690233781
v -0.04947711832465762 1.6398369639181376 1.1088363350937727
v -0.3387879979685442 1.4407649170623298 1.3981472147376592
v -0.034128642828536004 1.5167359947916115 1.093487859597651
v -0.6634956902337805 1.5638658861888555 1.1041364734646664
v -0.3588363350937722 1.6398369639181376 0.7994771183246581
v -0.648147214737659 1.4407649170623298 1.0887879979685446
v -0.3434878595976506 1.5167359947916115 0.7841286428285364
v -0.33077805581840436 1.3737879269469748 1.4343314464116785
v 0.01740406434160502 1.4606120157804403 1.086149326251669
v -0.26170991608585714 0.8198335658776079 1.3652633066791313
v 0.08647220407415235 0.906657654711073 1.0170811865191218
v -0.6843314464116783 1.3737879269469748 1.0807780558184048
v -0.3361493262516688 1.4606120157804403 0.7325959356583954
v -0.6152633066791311 0.8198335658776079 1.0117099160858576
v -0.2670811865191215 0.9066576547110734 0.663527795925848
v -0.09100426022929198 1.3510973642257524 1.0177809555259292
v 0.26254913036398175 1.3510973642257524 0.6642275649326553
v -0.09100426022929198 1.1010973642257524 1.0177809555259292
v 0.26254913036398175 1.1010973642257524 0.6642275649326553
v -0.26778095552592895 1.3510973642257524 0.8410042602292922
v 0.08577243506734483 1.3510973642257524 0.48745086963601847
v -0.26778095552592884 1.1010973642257524 0.8410042602292922
v 0.08577243506734489 1.1010973642257524 0.48745086963601847
v -0.2623813248900152 0.830686576981791 1.277546367834971
v -0.0012447347700080824 0.89580464360689 1.0164097777149639
v -0.20098742290552862 0.3382827004756872 1.2161524658504843
v 0.06014916721447838 0.403400767100786 0.9550158757304772
v -0.5275463678349706 0.8306865769817913 1.0123813248900155
v -0.26640977771496344 0.89580464360689 0.7512447347700084
v -0.4661524658504841 0.3382827004756872 0.9509874229055291
v -0.20501587573047697 0.403400767100786 0.689850832785522
v -0.2016588317096868 0.34913571157987033 1.128435527006324
v -0.027567771629682047 0.39254775599660285 0.9543444669263192
v -0.14026492972520022 -0.14326816492623384 1.0670416250218373
v 0.03382613035480447 -0.09985612050950099 0.8929505649418327
v -0.37843552700632366 0.34913571157987033 0.951658831709687
v -0.2043444669263189 0.39254775599660285 0.7775677716296823
v -0.3170416250218371 -0.14326816492623384 0.8902649297252005
v -0.14295056494183245 -0.09985612050950099 0.7161738696451958
v -0.4015247175613469 1.9548748157768001 1.2841072390338248
v -0.27095642250134344 1.9874338490893493 1.1535389439738213
v -0.33245657782879956 1.4009204547074328 1.2150390993012776
v -0.201888282768796 1.4334794880199824 1.084470804241274
v -0.5341072390338246 1.9548748157768001 1.1515247175613472
v -0.40353894397382106 1.9874338490893493 1.0209564225013437
v -0.4650390993012773 1.4009204547074328 1.0824565778287998
v -0.33447080424127373 1.4334794880199824 0.9518882827687963
v 0.07722569765866605 2.0742579379228148 0.8053568238138118
v 0.2077939927186696 2.1068169712353644 0.6747885287538082
v 0.14629383739121338 1.5203035768534479 0.7362886840812645
v 0.27686213245121694 1.552862610165997 0.6057203890212609
v -0.05535682381381157 2.0742579379228148 0.6727743023413342
v 0.07521147124619187 2.1068169712353644 0.5422060072813306
v 0.0137113159187357 1.5203035768534479 0.6037061626087868
v 0.1442796109787392 1.552862610165997 0.4731378675487834
v 0.07722569765866605 2.074257937922815 0.8053568238138119
v 0.10024841090284853 1.8896064842330258 0.7823341105696294
v -0.27095642250134333 1.9874338490893493 1.1535389439738215
v -0.24793370925716085 1.8027823953995608 1.130516230729639
v -0.05535682381381157 2.074257937922815 0.6727743023413343
v -0.03233411056962909 1.8896064842330258 0.6497515890971518
v -0.40353894397382106 1.9874338490893493 1.0209564225013437
v -0.3805162307296386 1.8027823953995608 0.9979337092571613
v 0.7187500000000003 1.5638658861888555 1.6766813848912583
v 0.7187500000000003 1.6398369639181376 1.2458279929484173
v 0.7187500000000003 1.4407649170623298 1.654975362682892
v 0.7187500000000003 1.5167359947916115 1.2241219707400508
v 0.28125000000000033 1.5638658861888555 1.6766813848912583
v 0.28125000000000033 1.6398369639181376 1.2458279929484173
v 0.28125000000000033 1.4407649170623298 1.654975362682892
v 0.28125000000000033 1.5167359947916115 1.2241219707400508
v 0.7500000000000002 1.3737879269469748 1.6748975938603403
v 0.7500000000000002 1.4606120157804403 1.1824937173542363
v 0.7500000000000002 0.8198335658776079 1.5772204939226917
v 0.7500000000000002 0.9066576547110734 1.0848166174165876
v 0.25000000000000033 1.3737879269469748 1.6748975938603403
v 0.25000000000000033 1.4606120157804403 1.1824937173542363
v 0.2500000000000002 0.8198335658776079 1.5772204939226917
v 0.2500000000000002 0.9066576547110734 1.0848166174165876
v 0.6250000000000003 1.351097364225752 1.2108062402365432
v 0.6250000000000003 1.3510973642257524 0.7108062402365432
v 0.6250000000000003 1.101097364225752 1.2108062402365432
v 0.6250000000000003 1.1010973642257524 0.7108062402365432
v 0.37500000000000033 1.3510973642257524 1.2108062402365432
v 0.37500000000000033 1.3510973642257524 0.7108062402365432
v 0.37500000000000033 1.1010973642257524 1.2108062402365432
v 0.37500000000000033 1.1010973642257524 0.7108062402365432
v 0.6875000000000002 0.830686576981791 1.5156700093594286
v 0.6875000000000002 0.89580464360689 1.1463671019798507
v 0.6875000000000002 0.3382827004756872 1.4288459205259634
v 0.6875000000000002 0.403400767100786 1.0595430131463854
v 0.3125000000000002 0.8306865769817913 1.5156700093594286
v 0.3125000000000002 0.89580464360689 1.1463671019798507
v 0.31250000000000017 0.3382827004756872 1.4288459205259634
v 0.31250000000000017 0.403400767100786 1.0595430131463854
v 0.6250000000000002 0.34913571157987033 1.3672954359627003
v 0.6250000000000002 0.39254775599660285 1.1210934977096483
v 0.6250000000000001 -0.14326816492623384 1.280471347129235
v 0.6250000000000001 -0.09985612050950099 1.034269408876183
v 0.37500000000000017 0.34913571157987033 1.3672954359627003
v 0.37500000000000017 0.39254775599660285 1.1210934977096483
v 0.3750000000000001 -0.14326816492623384 1.280471347129235
v 0.3750000000000001 -0.09985612050950099 1.034269408876183
v 0.5937500000000003 1.9548748157768001 1.6186984823898314
v 0.5937500000000003 1.9874338490893493 1.4340470287000422
v 0.5937500000000002 1.4009204547074328 1.5210213824521828
v 0.5937500000000002 1.4334794880199824 1.3363699287623938
v 0.40625000000000033 1.9548748157768001 1.6186984823898314
v 0.40625000000000033 1.9874338490893493 1.4340470287000422
v 0.4062500000000003 1.4009204547074328 1.5210213824521828
v 0.4062500000000003 1.4334794880199824 1.3363699287623938
v 0.5937500000000003 2.0742579379228148 0.9416431521939382
v 0.5937500000000003 2.1068169712353644 0.7569916985041492
v 0.5937500000000002 1.5203035768534479 0.8439660522562897
v 0.5937500000000002 1.552862610165997 0.6593145985665007
v 0.40625000000000033 2.0742579379228148 0.9416431521939382
v 0.40625000000000033 2.1068169712353644 0.7569916985041492
v 0.4062500000000003 1.5203035768534479 0.8439660522562897
v 0.4062500000000003 1.552862610165997 0.6593145985665007
v 0.5937500000000003 2.074257937922815 0.9416431521939383
v 0.5937500000000003 1.8896064842330258 0.9090841188813887
v 0.5937500000000003 1.9874338490893493 1.4340470287000424
v 0.5937500000000003 1.8027823953995608 1.4014879953874928
v 0.40625000000000033 2.074257937922815 0.9416431521939383
v 0.40625000000000033 1.8896064842330258 0.9090841188813887
v 0.40625000000000033 1.9874338490893493 1.4340470287000424
v 0.40625000000000033 1.8027823953995608 1.4014879953874928
v 1.663495690233781 1.5638658861888555 1.1041364734646664
v 1.3588363350937729 1.639836963918138 0.7994771183246581
v 1.6481472147376595 1.4407649170623298 1.0887879979685446
v 1.3434878595976512 1.5167359947916115 0.7841286428285364
v 1.3541364734646664 1.5638658861888555 1.413495690233781
v 1.049477118324658 1.639836963918138 1.1088363350937727
v 1.3387879979685449 1.4407649170623298 1.3981472147376592
v 1.0341286428285366 1.5167359947916115 1.093487859597651
v 1.6843314464116788 1.3737879269469748 1.0807780558184048
v 1.3361493262516693 1.4606120157804403 0.7325959356583954
v 1.6152633066791313 0.8198335658776079 1.0117099160858576
v 1.2670811865191218 0.9066576547110734 0.663527795925848
v 1.330778055818405 1.3737879269469748 1.4343314464116788
v 0.9825959356583955 1.4606120157804403 1.0861493262516693
v 1.2617099160858576 0.8198335658776079 1.3652633066791313
v 0.9135277959258481 0.9066576547110734 1.0170811865191218
v 1.2677809555259296 1.351097364225752 0.8410042602292924
v 0.9142275649326557 1.3510973642257524 0.4874508696360187
v 1.2677809555259294 1.101097364225752 0.8410042602292924
v 0.9142275649326557 1.1010973642257524 0.48745086963601847
v 1.0910042602292926 1.351097364225752 1.0177809555259292
v 0.7374508696360188 1.3510973642257524 0.6642275649326554
v 1.0910042602292924 1.101097364225752 1.0177809555259292
v 0.7374508696360187 1.1010973642257524 0.6642275649326554
v 1.527546367834971 0.830686576981791 1.0123813248900155
v 1.2664097777149639 0.89580464360689 0.7512447347700084
v 1.4661524658504843 0.3382827004756872 0.950987422905529
v 1.2050158757304772 0.403400767100786 0.6898508327855218
v 1.2623813248900155 0.830686576981791 1.277546367834971
v 1.0012447347700084 0.89580464360689 1.0164097777149639
v 1.2009874229055288 0.3382827004756872 1.2161524658504843
v 0.9398508327855218 0.403400767100786 0.9550158757304772
v 1.378435527006324 0.3491357115798701 0.951658831709687
v 1.2043444669263192 0.3925477559966031 0.7775677716296823
v 1.3170416250218373 -0.14326816492623384 0.8902649297252004
v 1.1429505649418326 -0.09985612050950099 0.7161738696451957
v 1.201658831709687 0.3491357115798701 1.128435527006324
v 1.0275677716296823 0.3925477559966031 0.9543444669263191
v 1.1402649297252003 -0.14326816492623384 1.0670416250218373
v 0.9661738696451956 -0.09985612050950099 0.8929505649418326
v 1.5341072390338253 1.9548748157767992 1.1515247175613474
v 1.4035389439738217 1.9874338490893493 1.0209564225013439
v 1.4650390993012778 1.4009204547074328 1.0824565778288
v 1.3344708042412743 1.433479488019982 0.9518882827687966
v 1.4015247175613474 1.9548748157767992 1.284107239033825
v 1.270956422501344 1.9874338490893493 1.1535389439738215
v 1.3324565778288 1.4009204547074328 1.2150390993012778
v 1.2018882827687967 1.433479488019982 1.0844708042412743
v 1.0553568238138122 2.0742579379228143 0.6727743023413344
v 0.9247885287538087 2.106816971235364 0.5422060072813308
v 0.9862886840812648 1.5203035768534474 0.6037061626087871
v 0.8557203890212612 1.552862610165997 0.4731378675487834
v 0.9227743023413346 2.0742579379228143 0.8053568238138121
v 0.7922060072813311 2.106816971235364 0.6747885287538086
v 0.8537061626087872 1.5203035768534474 0.7362886840812647
v 0.7231378675487836 1.552862610165997 0.6057203890212611
v 1.0553568238138125 2.074257937922815 0.6727743023413343
v 1.03233411056963 1.8896064842330258 0.6497515890971518
v 1.403538943973822 1.9874338490893493 1.0209564225013437
v 1.3805162307296395 1.8027823953995608 0.9979337092571613
v 0.9227743023413348 2.074257937922815 0.8053568238138119
v 0.8997515890971524 1.8896064842330258 0.7823341105696294
v 1.270956422501344 1.9874338490893497 1.1535389439738215
v 1.2479337092571616 1.8027823953995608 1.130516230729639
v 1.9266813848912572 1.5638658861888564 0.031249999999999778
v 1.4958279929484162 1.639836963918138 0.03125
v 1.904975362682891 1.4407649170623298 0.031249999999999778
v 1.47412197074005 1.5167359947916124 0.03125
v 1.9266813848912574 1.5638658861888564 0.46874999999999956
v 1.4958279929484164 1.639836963918138 0.4687499999999998
v 1.9049753626828911 1.4407649170623298 0.46874999999999956
v 1.4741219707400501 1.5167359947916124 0.4687499999999998
v 1.9248975938603392 1.3737879269469753 -2.220446049250313e-16
v 1.4324937173542351 1.4606120157804408 0
v 1.8272204939226908 0.8198335658776084 -2.220446049250313e-16
v 1.334816617416587 0.9066576547110738 0
v 1.9248975938603394 1.3737879269469753 0.49999999999999956
v 1.4324937173542354 1.4606120157804408 0.4999999999999998
v 1.827220493922691 0.8198335658776084 0.49999999999999956
v 1.3348166174165872 0.9066576547110738 0.4999999999999998
v 1.460806240236542 1.3510973642257529 0.12499999999999978
v 0.9608062402365423 1.3510973642257529 0.125
v 1.460806240236542 1.1010973642257529 0.12499999999999978
v 0.9608062402365423 1.1010973642257529 0.125
v 1.4608062402365423 1.3510973642257529 0.3749999999999998
v 0.9608062402365424 1.3510973642257529 0.375
v 1.4608062402365423 1.1010973642257529 0.3749999999999998
v 0.9608062402365424 1.1010973642257529 0.375
v 1.765670009359428 0.8306865769817917 0.06249999999999978
v 1.39636710197985 0.8958046436068905 0.06249999999999978
v 1.6788459205259627 0.33828270047568765 0.06249999999999978
v 1.3095430131463848 0.40340076710078643 0.06249999999999978
v 1.765670009359428 0.8306865769817917 0.43749999999999956
v 1.39636710197985 0.8958046436068905 0.4374999999999998
v 1.678845920525963 0.33828270047568765 0.43749999999999956
v 1.309543013146385 0.40340076710078643 0.4374999999999998
v 1.6172954359626999 0.3491357115798708 0.12499999999999978
v 1.3710934977096478 0.3925477559966033 0.12499999999999978
v 1.5304713471292346 -0.1432681649262333 0.12499999999999978
v 1.2842694088761828 -0.09985612050950077 0.12499999999999978
v 1.6172954359626999 0.3491357115798708 0.37499999999999956
v 1.3710934977096478 0.3925477559966033 0.3749999999999998
v 1.5304713471292348 -0.1432681649262333 0.37499999999999956
v 1.2842694088761828 -0.09985612050950077 0.3749999999999998
v 1.86869848238983 1.9548748157768001 0.15624999999999978
v 1.684047028700041 1.9874338490893493 0.15624999999999978
v 1.7710213824521817 1.4009204547074328 0.15624999999999978
v 1.5863699287623927 1.4334794880199824 0.15624999999999978
v 1.86869848238983 1.9548748157768001 0.34374999999999956
v 1.684047028700041 1.9874338490893493 0.3437499999999998
v 1.7710213824521817 1.4009204547074328 0.34374999999999956
v 1.5863699287623927 1.4334794880199824 0.3437499999999998
v 1.191643152193937 2.0742579379228143 0.15625
v 1.006991698504148 2.106816971235364 0.15625
v 1.0939660522562886 1.5203035768534479 0.15625
v 0.9093145985664998 1.552862610165997 0.15625
v 1.191643152193937 2.0742579379228143 0.34375
v 1.006991698504148 2.106816971235364 0.34375
v 1.0939660522562888 1.5203035768534479 0.34375
v 0.9093145985664999 1.552862610165997 0.34375
v 1.191643152193937 2.074257937922815 0.15625
v 1.1590841188813878 1.8896064842330262 0.15625
v 1.684047028700041 1.9874338490893502 0.15624999999999978
v 1.6514879953874915 1.8027823953995608 0.15624999999999978
v 1.191643152193937 2.074257937922815 0.34375
v 1.1590841188813878 1.8896064842330262 0.34375
v 1.684047028700041 1.9874338490893502 0.3437499999999998
v 1.6514879953874917 1.8027823953995608 0.3437499999999998
v 1.3541364734646657 1.5638658861888564 -0.9134956902337801
v 1.0494771183246574 1.639836963918138 -0.6088363350937716
v 1.3387879979685442 1.4407649170623298 -0.8981472147376586
v 1.034128642828536 1.5167359947916124 -0.5934878595976505
v 1.6634956902337803 1.5638658861888564 -0.6041364734646657
v 1.358836335093772 1.639836963918138 -0.2994771183246574
v 1.6481472147376586 1.4407649170623298 -0.5887879979685442
v 1.3434878595976503 1.5167359947916124 -0.28412864282853567
v 1.3307780558184044 1.3737879269469753 -0.9343314464116776
v 0.9825959356583949 1.4606120157804408 -0.5861493262516682
v 1.2617099160858571 0.8198335658776084 -0.8652633066791307
v 0.9135277959258477 0.9066576547110738 -0.5170811865191212
v 1.684331446411678 1.3737879269469753 -0.5807780558184041
v 1.3361493262516686 1.4606120157804408 -0.23259593565839465
v 1.6152633066791309 0.8198335658776084 -0.5117099160858567
v 1.2670811865191214 0.9066576547110738 -0.16352779592584743
v 1.0910042602292918 1.3510973642257529 -0.5177809555259287
v 0.737450869636018 1.3510973642257529 -0.16422756493265478
v 1.0910042602292918 1.1010973642257529 -0.5177809555259287
v 0.737450869636018 1.1010973642257529 -0.16422756493265478
v 1.2677809555259287 1.3510973642257529 -0.34100426022929176
v 0.9142275649326549 1.3510973642257529 0.012549130363981975
v 1.2677809555259287 1.1010973642257529 -0.34100426022929176
v 0.9142275649326549 1.1010973642257529 0.012549130363981975
v 1.262381324890015 0.8306865769817917 -0.7775463678349706
v 1.001244734770008 0.8958046436068905 -0.516409777714963
v 1.2009874229055286 0.33828270047568765 -0.7161524658504836
v 0.9398508327855215 0.40340076710078643 -0.45501587573047675
v 1.5275463678349706 0.8306865769817917 -0.5123813248900149
v 1.2664097777149632 0.8958046436068905 -0.25124473477000775
v 1.466152465850484 0.33828270047568765 -0.4509874229055286
v 1.205015875730477 0.40340076710078643 -0.1898508327855215
v 1.2016588317096868 0.3491357115798708 -0.6284355270063235
v 1.027567771629682 0.3925477559966033 -0.4543444669263188
v 1.1402649297252003 -0.1432681649262333 -0.5670416250218371
v 0.9661738696451956 -0.09985612050950077 -0.39295056494183234
v 1.3784355270063235 0.3491357115798708 -0.45165883170968657
v 1.2043444669263188 0.3925477559966033 -0.2775677716296818
v 1.317041625021837 -0.1432681649262333 -0.3902649297252001
v 1.1429505649418323 -0.09985612050950077 -0.21617386964519536
v 1.4015247175613466 1.9548748157768001 -0.7841072390338244
v 1.270956422501343 1.9874338490893493 -0.6535389439738206
v 1.3324565778287993 1.4009204547074328 -0.715039099301277
v 1.2018882827687958 1.4334794880199824 -0.5844708042412732
v 1.5341072390338242 1.9548748157768001 -0.6515247175613466
v 1.4035389439738206 1.9874338490893493 -0.5209564225013432
v 1.465039099301277 1.4009204547074328 -0.5824565778287996
v 1.3344708042412734 1.4334794880199824 -0.4518882827687958
v 0.9227743023413335 2.0742579379228143 -0.30535682381381113
v 0.79220600728133 2.106816971235364 -0.17478852875380757
v 0.8537061626087863 1.5203035768534479 -0.2362886840812639
v 0.7231378675487827 1.552862610165997 -0.10572038902126035
v 1.0553568238138111 2.0742579379228143 -0.1727743023413335
v 0.9247885287538076 2.106816971235364 -0.04220600728132995
v 0.9862886840812639 1.5203035768534479 -0.10370616260878629
v 0.8557203890212604 1.552862610165997 0.02686213245121727
v 0.9227743023413334 2.074257937922815 -0.30535682381381113
v 0.8997515890971509 1.8896064842330262 -0.28233411056962865
v 1.2709564225013428 1.9874338490893502 -0.6535389439738206
v 1.2479337092571603 1.8027823953995608 -0.6305162307296381
v 1.0553568238138111 2.074257937922815 -0.17277430234133329
v 1.0323341105696286 1.8896064842330262 -0.1497515890971508
v 1.4035389439738204 1.9874338490893502 -0.5209564225013428
v 1.3805162307296381 1.8027823953995608 -0.4979337092571603
v -1 0 0
v -1 0 1
v -1 -1 0
v -1 -1 1
v 0 0 0
v 0 0 1
v 0 -1 0
v 0 -1 1
v 2 0 0
v 2 0 1
v 2 -1 0
v 2 -1 1
v 1 0 0
v 1 0 1
v 1 -1 0
v 1 -1 1
v 1 0 0
v 1 0 1
v 1 -1 0
v 1 -1 1
v 0 0 0
v 0 0 1
v 0 -1 0
v 0 -1 1
v 0.125 0 1.625
v 0.125 0 1.875
v 0.125 -0.75 1.625
v 0.125 -0.75 1.875
v 0.25 0 1.625
v 0.25 0 1.875
v 0.25 -0.75 1.625
v 0.25 -0.75 1.875
v 0.75 0 1.625
v 0.75 0 1.875
v 0.75 -0.75 1.625
v 0.75 -0.75 1.875
v 0.875 0 1.625
v 0.875 0 1.875
v 0.875 -0.75 1.625
v 0.875 -0.75 1.875
v 0 0.9375 1.5
v 0 0.9375 2
v 0 -0.0625 1.5
v 0 -0.0625 2
v 1 0.9375 1.5
v 1 0.9375 2
v 1 -0.0625 1.5
v 1 -0.0625 2
vt 0.125 0.859375
vt 0 0.859375
vt 0 0.828125
vt 0.125 0.828125
vt 0.125 0.828125
vt 0.125 0.859375
vt 0 0.859375
vt 0 0.828125
vt 0.875 0.25
vt 0.75 0.25
vt 0.75 0.125
vt 0.875 0.125
vt 0.75 0.25
vt 0.75 0.125
vt 0.875 0.125
vt 0.875 0.25
vt 1 0.1875
vt 1 0.21875
vt 0.875 0.21875
vt 0.875 0.1875
vt 0.125 0.859375
vt 0 0.859375
vt 0 0.828125
vt 0.125 0.828125
vt 0 0.8125
vt 0 0.875
vt 0.125 0.875
vt 0.125 0.8125
vt 0 0.875
vt 0.125 0.875
vt 0.125 0.8125
vt 0 0.8125
vt 0.125 0.875
vt 0.125 1
vt 0.25 1
vt 0.25 0.875
vt 0.25 0.875
vt 0.125 0.875
vt 0.125 1
vt 0.25 1
vt 0 1
vt 0.125 1
vt 0.125 0.9375
vt 0 0.9375
vt 0.875 0
vt 0.875 0.0625
vt 1 0.0625
vt 1 0
vt 0.875 0.1875
vt 0.75 0.1875
vt 0.75 0.125
vt 0.875 0.125
vt 0.875 0.125
vt 0.875 0.1875
vt 0.75 0.1875
vt 0.75 0.125
vt 0.875 0.25
vt 0.75 0.25
vt 0.75 0.125
vt 0.875 0.125
vt 0.125 1
vt 0.125 0.875
vt 0.25 0.875
vt 0.25 1
vt 0.875 0.125
vt 0.875 0.1875
vt 0.75 0.1875
vt 0.75 0.125
vt 1 0.0625
vt 0.875 0.0625
vt 0.875 0
vt 1 0
vt 0 0.8125
vt 0 0.875
vt 0.125 0.875
vt 0.125 0.8125
vt 0 1
vt 0.125 1
vt 0.125 0.9375
vt 0 0.9375
vt 0.125 0.875
vt 0.125 1
vt 0.25 1
vt 0.25 0.875
vt 0.25 0.875
vt 0.125 0.875
vt 0.125 1
vt 0.25 1
vt 0 1
vt 0.125 1
vt 0.125 0.9375
vt 0 0.9375
vt 0.875 0
vt 0.875 0.0625
vt 1 0.0625
vt 1 0
vt 0.125 0.875
vt 0 0.875
vt 0 0.8125
vt 0.125 0.8125
vt 0.125 0.9375
vt 0.125 1
vt 0 1
vt 0 0.9375
vt 0.25 1
vt 0.125 1
vt 0.125 0.875
vt 0.25 0.875
vt 0.125 1
vt 0.125 0.875
vt 0.25 0.875
vt 0.25 1
vt 0.125 0.9375
vt 0.125 1
vt 0 1
vt 0 0.9375
vt 1 0.0625
vt 0.875 0.0625
vt 0.875 0
vt 1 0
vt 0 0.9375
vt 0 1
vt 0.125 1
vt 0.125 0.9375
vt 0 1
vt 0.125 1
vt 0.125 0.9375
vt 0 0.9375
vt 0.125 0.875
vt 0.125 1
vt 0.25 1
vt 0.25 0.875
vt 0.25 0.875
vt 0.125 0.875
vt 0.125 1
vt 0.25 1
vt 0 1
vt 0.125 1
vt 0.125 0.9375
vt 0 0.9375
vt 0.875 0
vt 0.875 0.0625
vt 1 0.0625
vt 1 0
vt 0.0859375 0.953125
vt 0.0390625 0.953125
vt 0.0390625 0.921875
vt 0.0859375 0.921875
vt 0.0859375 0.921875
vt 0.0859375 0.953125
vt 0.0390625 0.953125
vt 0.0390625 0.921875
vt 0.0859375 0.9609375
vt 0.0390625 0.9609375
vt 0.0390625 0.9140625
vt 0.0859375 0.9140625
vt 0.0390625 0.9609375
vt 0.0390625 0.9140625
vt 0.0859375 0.9140625
vt 0.0859375 0.9609375
vt 0.0859375 0.921875
vt 0.0859375 0.953125
vt 0.0390625 0.953125
vt 0.0390625 0.921875
vt 0.0859375 0.953125
vt 0.0390625 0.953125
vt 0.0390625 0.921875
vt 0.0859375 0.921875
vt 0.0859375 0.921875
vt 0.0859375 0.953125
vt 0.0390625 0.953125
vt 0.0390625 0.921875
vt 0.0390625 0.921875
vt 0.0859375 0.921875
vt 0.0859375 0.953125
vt 0.0390625 0.953125
vt 0.0859375 0.9140625
vt 0.0859375 0.9609375
vt 0.0390625 0.9609375
vt 0.0390625 0.9140625
vt 0.0859375 0.9609375
vt 0.0390625 0.9609375
vt 0.0390625 0.9140625
vt 0.0859375 0.9140625
vt 0.0390625 0.921875
vt 0.0859375 0.921875
vt 0.0859375 0.953125
vt 0.0390625 0.953125
vt 0.0859375 0.921875
vt 0.0859375 0.953125
vt 0.0390625 0.953125
vt 0.0390625 0.921875
vt 0.0859375 0.953125
vt 0.0390625 0.953125
vt 0.0390625 0.921875
vt 0.0859375 0.921875
vt 0.0859375 0.921875
vt 0.0859375 0.953125
vt 0.0390625 0.953125
vt 0.0390625 0.921875
vt 0.0859375 0.9609375
vt 0.0390625 0.9609375
vt 0.0390625 0.9140625
vt 0.0859375 0.9140625
vt 0.0390625 0.9609375
vt 0.0390625 0.9140625
vt 0.0859375 0.9140625
vt 0.0859375 0.9609375
vt 0.0859375 0.921875
vt 0.0859375 0.953125
vt 0.0390625 0.953125
vt 0.0390625 0.921875
vt 0.0859375 0.953125
vt 0.0390625 0.953125
vt 0.0390625 0.921875
vt 0.0859375 0.921875
vt 0.0390625 0.953125
vt 0.0390625 0.921875
vt 0.0859375 0.921875
vt 0.0859375 0.953125
vt 0.0859375 0.953125
vt 0.0390625 0.953125
vt 0.0390625 0.921875
vt 0.0859375 0.921875
vt 0.0390625 0.9609375
vt 0.0390625 0.9140625
vt 0.0859375 0.9140625
vt 0.0859375 0.9609375
vt 0.0390625 0.9140625
vt 0.0859375 0.9140625
vt 0.0859375 0.9609375
vt 0.0390625 0.9609375
vt 0.0859375 0.953125
vt 0.0390625 0.953125
vt 0.0390625 0.921875
vt 0.0859375 0.921875
vt 0.0390625 0.953125
vt 0.0390625 0.921875
vt 0.0859375 0.921875
vt 0.0859375 0.953125
vt 0.21875 0.1171875
vt 0.15625 0.1171875
vt 0.15625 0.0703125
vt 0.21875 0.0703125
vt 0.15625 0.1171875
vt 0.15625 0.0703125
vt 0.21875 0.0703125
vt 0.21875 0.1171875
vt 0.2109375 0.1171875
vt 0.1640625 0.1171875
vt 0.1640625 0.0703125
vt 0.2109375 0.0703125
vt 0.2109375 0.0703125
vt 0.2109375 0.1171875
vt 0.1640625 0.1171875
vt 0.1640625 0.0703125
vt 0.15625 0.1171875
vt 0.15625 0.0703125
vt 0.21875 0.0703125
vt 0.21875 0.1171875
vt 0.21875 0.1171875
vt 0.15625 0.1171875
vt 0.15625 0.0703125
vt 0.21875 0.0703125
vt 0.21875 0.1171875
vt 0.15625 0.1171875
vt 0.15625 0.0703125
vt 0.21875 0.0703125
vt 0.15625 0.1171875
vt 0.15625 0.0703125
vt 0.21875 0.0703125
vt 0.21875 0.1171875
vt 0.2109375 0.1171875
vt 0.1640625 0.1171875
vt 0.1640625 0.0703125
vt 0.2109375 0.0703125
vt 0.2109375 0.0703125
vt 0.2109375 0.1171875
vt 0.1640625 0.1171875
vt 0.1640625 0.0703125
vt 0.15625 0.1171875
vt 0.15625 0.0703125
vt 0.21875 0.0703125
vt 0.21875 0.1171875
vt 0.21875 0.1171875
vt 0.15625 0.1171875
vt 0.15625 0.0703125
vt 0.21875 0.0703125
vt 0.21875 0.1171875
vt 0.15625 0.1171875
vt 0.15625 0.0703125
vt 0.21875 0.0703125
vt 0.15625 0.1171875
vt 0.15625 0.0703125
vt 0.21875 0.0703125
vt 0.21875 0.1171875
vt 0.2109375 0.1171875
vt 0.1640625 0.1171875
vt 0.1640625 0.0703125
vt 0.2109375 0.0703125
vt 0.2109375 0.0703125
vt 0.2109375 0.1171875
vt 0.1640625 0.1171875
vt 0.1640625 0.0703125
vt 0.15625 0.1171875
vt 0.15625 0.0703125
vt 0.21875 0.0703125
vt 0.21875 0.1171875
vt 0.21875 0.1171875
vt 0.15625 0.1171875
vt 0.15625 0.0703125
vt 0.21875 0.0703125
vt 0.21875 0.1171875
vt 0.15625 0.1171875
vt 0.15625 0.0703125
vt 0.21875 0.0703125
vt 0.15625 0.1171875
vt 0.15625 0.0703125
vt 0.21875 0.0703125
vt 0.21875 0.1171875
vt 0.2109375 0.1171875
vt 0.1640625 0.1171875
vt 0.1640625 0.0703125
vt 0.2109375 0.0703125
vt 0.2109375 0.0703125
vt 0.2109375 0.1171875
vt 0.1640625 0.1171875
vt 0.1640625 0.0703125
vt 0.15625 0.1171875
vt 0.15625 0.0703125
vt 0.21875 0.0703125
vt 0.21875 0.1171875
vt 0.21875 0.1171875
vt 0.15625 0.1171875
vt 0.15625 0.0703125
vt 0.21875 0.0703125
vt 0.21875 0.1171875
vt 0.15625 0.1171875
vt 0.15625 0.0703125
vt 0.21875 0.0703125
vt 0.15625 0.1171875
vt 0.15625 0.0703125
vt 0.21875 0.0703125
vt 0.21875 0.1171875
vt 0.2109375 0.1171875
vt 0.1640625 0.1171875
vt 0.1640625 0.0703125
vt 0.2109375 0.0703125
vt 0.2109375 0.0703125
vt 0.2109375 0.1171875
vt 0.1640625 0.1171875
vt 0.1640625 0.0703125
vt 0.15625 0.1171875
vt 0.15625 0.0703125
vt 0.21875 0.0703125
vt 0.21875 0.1171875
vt 0.21875 0.1171875
vt 0.15625 0.1171875
vt 0.15625 0.0703125
vt 0.21875 0.0703125
vt 0.1015625 0.375
vt 0.1015625 0.40625
vt 0.0234375 0.40625
vt 0.0234375 0.375
vt 0.1015625 0.40625
vt 0.0234375 0.40625
vt 0.0234375 0.375
vt 0.1015625 0.375
vt 0.1015625 0.3984375
vt 0.1015625 0.4765625
vt 0.0234375 0.4765625
vt 0.0234375 0.3984375
vt 0.0234375 0.3984375
vt 0.1015625 0.3984375
vt 0.1015625 0.4765625
vt 0.0234375 0.4765625
vt 0.1015625 0.40625
vt 0.0234375 0.40625
vt 0.0234375 0.375
vt 0.1015625 0.375
vt 0.1015625 0.375
vt 0.1015625 0.40625
vt 0.0234375 0.40625
vt 0.0234375 0.375
vt 0.28125 0.59375
vt 0 0.59375
vt 0 0.5546875
vt 0.28125 0.5546875
vt 0.28125 0.5546875
vt 0.28125 0.59375
vt 0 0.59375
vt 0 0.5546875
vt 0 0.59375
vt 0.28125 0.59375
vt 0.28125 0.875
vt 0 0.875
vt 0.28125 0.59375
vt 0.28125 0.875
vt 0 0.875
vt 0 0.59375
vt 0.28125 0.5546875
vt 0.28125 0.59375
vt 0 0.59375
vt 0 0.5546875
vt 0.28125 0.59375
vt 0 0.59375
vt 0 0.5546875
vt 0.28125 0.5546875
vt 0.140625 0.5546875
vt 0 0.5546875
vt 0 0.421875
vt 0.140625 0.421875
vt 0.140625 0.421875
vt 0.140625 0.5546875
vt 0 0.5546875
vt 0 0.421875
vt 0.0703125 0.6640625
vt 0.2109375 0.6640625
vt 0.2109375 0.8046875
vt 0.0703125 0.8046875
vt 0.2109375 0.6640625
vt 0.2109375 0.8046875
vt 0.0703125 0.8046875
vt 0.0703125 0.6640625
vt 0.140625 0.421875
vt 0.140625 0.5546875
vt 0 0.5546875
vt 0 0.421875
vt 0.140625 0.5546875
vt 0 0.5546875
vt 0 0.421875
vt 0.140625 0.421875
vt 0.5625 0.8125
vt 0.375 0.8125
vt 0.375 0.7578125
vt 0.5625 0.7578125
vt 0.5625 0.7578125
vt 0.5625 0.8125
vt 0.375 0.8125
vt 0.375 0.7578125
vt 0.375 0.8125
vt 0.5625 0.8125
vt 0.5625 1
vt 0.375 1
vt 0.234375 0.640625
vt 0.234375 0.828125
vt 0.046875 0.828125
vt 0.046875 0.640625
vt 0.5625 0.7578125
vt 0.5625 0.8125
vt 0.375 0.8125
vt 0.375 0.7578125
vt 0.5625 0.8125
vt 0.375 0.8125
vt 0.375 0.7578125
vt 0.5625 0.7578125
vt 0.3984375 0.7578125
vt 0.5390625 0.7578125
vt 0.5390625 0.78125
vt 0.3984375 0.78125
vt 0.5390625 0.78125
vt 0.5390625 0.8046875
vt 0.3984375 0.8046875
vt 0.3984375 0.78125
vt 0.5625 0.859375
vt 0.703125 0.859375
vt 0.703125 1
vt 0.5625 1
vt 0.140625 0.859375
vt 0.140625 1
vt 0 1
vt 0 0.859375
vt 0.3984375 0.78125
vt 0.3984375 0.8046875
vt 0.5390625 0.8046875
vt 0.5390625 0.78125
vt 0.3984375 0.7578125
vt 0.5390625 0.7578125
vt 0.5390625 0.78125
vt 0.3984375 0.78125
vt 0.34375 0.8046875
vt 0.2890625 0.8046875
vt 0.2890625 0.7890625
vt 0.34375 0.7890625
vt 0.34375 0.7890625
vt 0.34375 0.8046875
vt 0.2890625 0.8046875
vt 0.2890625 0.7890625
vt 0.2890625 0.7421875
vt 0.34375 0.7421875
vt 0.34375 0.796875
vt 0.2890625 0.796875
vt 0.34375 0.7421875
vt 0.34375 0.796875
vt 0.2890625 0.796875
vt 0.2890625 0.7421875
vt 0.34375 0.7890625
vt 0.34375 0.8046875
vt 0.2890625 0.8046875
vt 0.2890625 0.7890625
vt 0.34375 0.8046875
vt 0.2890625 0.8046875
vt 0.2890625 0.7890625
vt 0.34375 0.7890625
vt 0.34375 0.875
vt 0.28125 0.875
vt 0.28125 0.8046875
vt 0.34375 0.8046875
vt 0.34375 0.8046875
vt 0.34375 0.875
vt 0.28125 0.875
vt 0.28125 0.8046875
vt 0.28125 0.7421875
vt 0.34375 0.7421875
vt 0.34375 0.8046875
vt 0.28125 0.8046875
vt 0.34375 0.7421875
vt 0.34375 0.8046875
vt 0.28125 0.8046875
vt 0.28125 0.7421875
vt 0.34375 0.8046875
vt 0.34375 0.875
vt 0.28125 0.875
vt 0.28125 0.8046875
vt 0.34375 0.875
vt 0.28125 0.875
vt 0.28125 0.8046875
vt 0.34375 0.8046875
vt 0.34375 0.7890625
vt 0.28125 0.7890625
vt 0.28125 0.7578125
vt 0.34375 0.7578125
vt 0.34375 0.7578125
vt 0.34375 0.7890625
vt 0.28125 0.7890625
vt 0.28125 0.7578125
vt 0.296875 0.7421875
vt 0.328125 0.7421875
vt 0.328125 0.8046875
vt 0.296875 0.8046875
vt 0.328125 0.7421875
vt 0.328125 0.8046875
vt 0.296875 0.8046875
vt 0.296875 0.7421875
vt 0.328125 0.7578125
vt 0.328125 0.7890625
vt 0.296875 0.7890625
vt 0.296875 0.7578125
vt 0.328125 0.7890625
vt 0.296875 0.7890625
vt 0.296875 0.7578125
vt 0.328125 0.7578125
vt 0.328125 0.7421875
vt 0.28125 0.7421875
vt 0.28125 0.6796875
vt 0.328125 0.6796875
vt 0.328125 0.6796875
vt 0.328125 0.7421875
vt 0.28125 0.7421875
vt 0.28125 0.6796875
vt 0.28125 0.6875
vt 0.328125 0.6875
vt 0.328125 0.734375
vt 0.28125 0.734375
vt 0.328125 0.6875
vt 0.328125 0.734375
vt 0.28125 0.734375
vt 0.28125 0.6875
vt 0.328125 0.6796875
vt 0.328125 0.7421875
vt 0.28125 0.7421875
vt 0.28125 0.6796875
vt 0.328125 0.7421875
vt 0.28125 0.7421875
vt 0.28125 0.6796875
vt 0.328125 0.6796875
vt 0.375 0.875
vt 0.34375 0.875
vt 0.34375 0.8125
vt 0.375 0.8125
vt 0.375 0.8125
vt 0.375 0.875
vt 0.34375 0.875
vt 0.34375 0.8125
vt 0.34375 0.828125
vt 0.375 0.828125
vt 0.375 0.859375
vt 0.34375 0.859375
vt 0.375 0.828125
vt 0.375 0.859375
vt 0.34375 0.859375
vt 0.34375 0.828125
vt 0.375 0.8125
vt 0.375 0.875
vt 0.34375 0.875
vt 0.34375 0.8125
vt 0.375 0.875
vt 0.34375 0.875
vt 0.34375 0.8125
vt 0.375 0.8125
vt 0.3671875 0.8125
vt 0.34375 0.8125
vt 0.34375 0.7421875
vt 0.3671875 0.7421875
vt 0.3671875 0.7421875
vt 0.3671875 0.8125
vt 0.34375 0.8125
vt 0.34375 0.7421875
vt 0.34375 0.765625
vt 0.3671875 0.765625
vt 0.3671875 0.7890625
vt 0.34375 0.7890625
vt 0.3671875 0.765625
vt 0.3671875 0.7890625
vt 0.34375 0.7890625
vt 0.34375 0.765625
vt 0.3671875 0.7421875
vt 0.3671875 0.8125
vt 0.34375 0.8125
vt 0.34375 0.7421875
vt 0.3671875 0.8125
vt 0.34375 0.8125
vt 0.34375 0.7421875
vt 0.3671875 0.7421875
vt 0.3671875 0.8125
vt 0.34375 0.8125
vt 0.34375 0.7421875
vt 0.3671875 0.7421875
vt 0.3671875 0.7421875
vt 0.3671875 0.8125
vt 0.34375 0.8125
vt 0.34375 0.7421875
vt 0.34375 0.765625
vt 0.3671875 0.765625
vt 0.3671875 0.7890625
vt 0.34375 0.7890625
vt 0.3671875 0.765625
vt 0.3671875 0.7890625
vt 0.34375 0.7890625
vt 0.34375 0.765625
vt 0.3671875 0.7421875
vt 0.3671875 0.8125
vt 0.34375 0.8125
vt 0.34375 0.7421875
vt 0.3671875 0.8125
vt 0.34375 0.8125
vt 0.34375 0.7421875
vt 0.3671875 0.7421875
vt 0.3671875 0.8125
vt 0.34375 0.8125
vt 0.34375 0.7421875
vt 0.3671875 0.7421875
vt 0.3671875 0.7421875
vt 0.3671875 0.8125
vt 0.34375 0.8125
vt 0.34375 0.7421875
vt 0.34375 0.765625
vt 0.3671875 0.765625
vt 0.3671875 0.7890625
vt 0.34375 0.7890625
vt 0.3671875 0.765625
vt 0.3671875 0.7890625
vt 0.34375 0.7890625
vt 0.34375 0.765625
vt 0.3671875 0.7421875
vt 0.3671875 0.8125
vt 0.34375 0.8125
vt 0.34375 0.7421875
vt 0.3671875 0.8125
vt 0.34375 0.8125
vt 0.34375 0.7421875
vt 0.3671875 0.7421875
vt 0.34375 0.8046875
vt 0.2890625 0.8046875
vt 0.2890625 0.7890625
vt 0.34375 0.7890625
vt 0.34375 0.7890625
vt 0.34375 0.8046875
vt 0.2890625 0.8046875
vt 0.2890625 0.7890625
vt 0.2890625 0.7421875
vt 0.34375 0.7421875
vt 0.34375 0.796875
vt 0.2890625 0.796875
vt 0.34375 0.7421875
vt 0.34375 0.796875
vt 0.2890625 0.796875
vt 0.2890625 0.7421875
vt 0.34375 0.7890625
vt 0.34375 0.8046875
vt 0.2890625 0.8046875
vt 0.2890625 0.7890625
vt 0.34375 0.8046875
vt 0.2890625 0.8046875
vt 0.2890625 0.7890625
vt 0.34375 0.7890625
vt 0.34375 0.875
vt 0.28125 0.875
vt 0.28125 0.8046875
vt 0.34375 0.8046875
vt 0.34375 0.8046875
vt 0.34375 0.875
vt 0.28125 0.875
vt 0.28125 0.8046875
vt 0.28125 0.7421875
vt 0.34375 0.7421875
vt 0.34375 0.8046875
vt 0.28125 0.8046875
vt 0.34375 0.7421875
vt 0.34375 0.8046875
vt 0.28125 0.8046875
vt 0.28125 0.7421875
vt 0.34375 0.8046875
vt 0.34375 0.875
vt 0.28125 0.875
vt 0.28125 0.8046875
vt 0.34375 0.875
vt 0.28125 0.875
vt 0.28125 0.8046875
vt 0.34375 0.8046875
vt 0.34375 0.7890625
vt 0.28125 0.7890625
vt 0.28125 0.7578125
vt 0.34375 0.7578125
vt 0.34375 0.7578125
vt 0.34375 0.7890625
vt 0.28125 0.7890625
vt 0.28125 0.7578125
vt 0.296875 0.7421875
vt 0.328125 0.7421875
vt 0.328125 0.8046875
vt 0.296875 0.8046875
vt 0.328125 0.7421875
vt 0.328125 0.8046875
vt 0.296875 0.8046875
vt 0.296875 0.7421875
vt 0.328125 0.7578125
vt 0.328125 0.7890625
vt 0.296875 0.7890625
vt 0.296875 0.7578125
vt 0.328125 0.7890625
vt 0.296875 0.7890625
vt 0.296875 0.7578125
vt 0.328125 0.7578125
vt 0.328125 0.7421875
vt 0.28125 0.7421875
vt 0.28125 0.6796875
vt 0.328125 0.6796875
vt 0.328125 0.6796875
vt 0.328125 0.7421875
vt 0.28125 0.7421875
vt 0.28125 0.6796875
vt 0.28125 0.6875
vt 0.328125 0.6875
vt 0.328125 0.734375
vt 0.28125 0.734375
vt 0.328125 0.6875
vt 0.328125 0.734375
vt 0.28125 0.734375
vt 0.28125 0.6875
vt 0.328125 0.6796875
vt 0.328125 0.7421875
vt 0.28125 0.7421875
vt 0.28125 0.6796875
vt 0.328125 0.7421875
vt 0.28125 0.7421875
vt 0.28125 0.6796875
vt 0.328125 0.6796875
vt 0.375 0.875
vt 0.34375 0.875
vt 0.34375 0.8125
vt 0.375 0.8125
vt 0.375 0.8125
vt 0.375 0.875
vt 0.34375 0.875
vt 0.34375 0.8125
vt 0.34375 0.828125
vt 0.375 0.828125
vt 0.375 0.859375
vt 0.34375 0.859375
vt 0.375 0.828125
vt 0.375 0.859375
vt 0.34375 0.859375
vt 0.34375 0.828125
vt 0.375 0.8125
vt 0.375 0.875
vt 0.34375 0.875
vt 0.34375 0.8125
vt 0.375 0.875
vt 0.34375 0.875
vt 0.34375 0.8125
vt 0.375 0.8125
vt 0.3671875 0.8125
vt 0.34375 0.8125
vt 0.34375 0.7421875
vt 0.3671875 0.7421875
vt 0.3671875 0.7421875
vt 0.3671875 0.8125
vt 0.34375 0.8125
vt 0.34375 0.7421875
vt 0.34375 0.765625
vt 0.3671875 0.765625
vt 0.3671875 0.7890625
vt 0.34375 0.7890625
vt 0.3671875 0.765625
vt 0.3671875 0.7890625
vt 0.34375 0.7890625
vt 0.34375 0.765625
vt 0.3671875 0.7421875
vt 0.3671875 0.8125
vt 0.34375 0.8125
vt 0.34375 0.7421875
vt 0.3671875 0.8125
vt 0.34375 0.8125
vt 0.34375 0.7421875
vt 0.3671875 0.7421875
vt 0.3671875 0.8125
vt 0.34375 0.8125
vt 0.34375 0.7421875
vt 0.3671875 0.7421875
vt 0.3671875 0.7421875
vt 0.3671875 0.8125
vt 0.34375 0.8125
vt 0.34375 0.7421875
vt 0.34375 0.765625
vt 0.3671875 0.765625
vt 0.3671875 0.7890625
vt 0.34375 0.7890625
vt 0.3671875 0.765625
vt 0.3671875 0.7890625
vt 0.34375 0.7890625
vt 0.34375 0.765625
vt 0.3671875 0.7421875
vt 0.3671875 0.8125
vt 0.34375 0.8125
vt 0.34375 0.7421875
vt 0.3671875 0.8125
vt 0.34375 0.8125
vt 0.34375 0.7421875
vt 0.3671875 0.7421875
vt 0.3671875 0.8125
vt 0.34375 0.8125
vt 0.34375 0.7421875
vt 0.3671875 0.7421875
vt 0.3671875 0.7421875
vt 0.3671875 0.8125
vt 0.34375 0.8125
vt 0.34375 0.7421875
vt 0.34375 0.765625
vt 0.3671875 0.765625
vt 0.3671875 0.7890625
vt 0.34375 0.7890625
vt 0.3671875 0.765625
vt 0.3671875 0.7890625
vt 0.34375 0.7890625
vt 0.34375 0.765625
vt 0.3671875 0.7421875
vt 0.3671875 0.8125
vt 0.34375 0.8125
vt 0.34375 0.7421875
vt 0.3671875 0.8125
vt 0.34375 0.8125
vt 0.34375 0.7421875
vt 0.3671875 0.7421875
vt 0.34375 0.8046875
vt 0.2890625 0.8046875
vt 0.2890625 0.7890625
vt 0.34375 0.7890625
vt 0.34375 0.7890625
vt 0.34375 0.8046875
vt 0.2890625 0.8046875
vt 0.2890625 0.7890625
vt 0.2890625 0.7421875
vt 0.34375 0.7421875
vt 0.34375 0.796875
vt 0.2890625 0.796875
vt 0.34375 0.7421875
vt 0.34375 0.796875
vt 0.2890625 0.796875
vt 0.2890625 0.7421875
vt 0.34375 0.7890625
vt 0.34375 0.8046875
vt 0.2890625 0.8046875
vt 0.2890625 0.7890625
vt 0.34375 0.8046875
vt 0.2890625 0.8046875
vt 0.2890625 0.7890625
vt 0.34375 0.7890625
vt 0.34375 0.875
vt 0.28125 0.875
vt 0.28125 0.8046875
vt 0.34375 0.8046875
vt 0.34375 0.8046875
vt 0.34375 0.875
vt 0.28125 0.875
vt 0.28125 0.8046875
vt 0.28125 0.7421875
vt 0.34375 0.7421875
vt 0.34375 0.8046875
vt 0.28125 0.8046875
vt 0.34375 0.7421875
vt 0.34375 0.8046875
vt 0.28125 0.8046875
vt 0.28125 0.7421875
vt 0.34375 0.8046875
vt 0.34375 0.875
vt 0.28125 0.875
vt 0.28125 0.8046875
vt 0.34375 0.875
vt 0.28125 0.875
vt 0.28125 0.8046875
vt 0.34375 0.8046875
vt 0.34375 0.7890625
vt 0.28125 0.7890625
vt 0.28125 0.7578125
vt 0.34375 0.7578125
vt 0.34375 0.7578125
vt 0.34375 0.7890625
vt 0.28125 0.7890625
vt 0.28125 0.7578125
vt 0.296875 0.7421875
vt 0.328125 0.7421875
vt 0.328125 0.8046875
vt 0.296875 0.8046875
vt 0.328125 0.7421875
vt 0.328125 0.8046875
vt 0.296875 0.8046875
vt 0.296875 0.7421875
vt 0.328125 0.7578125
vt 0.328125 0.7890625
vt 0.296875 0.7890625
vt 0.296875 0.7578125
vt 0.328125 0.7890625
vt 0.296875 0.7890625
vt 0.296875 0.7578125
vt 0.328125 0.7578125
vt 0.328125 0.7421875
vt 0.28125 0.7421875
vt 0.28125 0.6796875
vt 0.328125 0.6796875
vt 0.328125 0.6796875
vt 0.328125 0.7421875
vt 0.28125 0.7421875
vt 0.28125 0.6796875
vt 0.28125 0.6875
vt 0.328125 0.6875
vt 0.328125 0.734375
vt 0.28125 0.734375
vt 0.328125 0.6875
vt 0.328125 0.734375
vt 0.28125 0.734375
vt 0.28125 0.6875
vt 0.328125 0.6796875
vt 0.328125 0.7421875
vt 0.28125 0.7421875
vt 0.28125 0.6796875
vt 0.328125 0.7421875
vt 0.28125 0.7421875
vt 0.28125 0.6796875
vt 0.328125 0.6796875
vt 0.375 0.875
vt 0.34375 0.875
vt 0.34375 0.8125
vt 0.375 0.8125
vt 0.375 0.8125
vt 0.375 0.875
vt 0.34375 0.875
vt 0.34375 0.8125
vt 0.34375 0.828125
vt 0.375 0.828125
vt 0.375 0.859375
vt 0.34375 0.859375
vt 0.375 0.828125
vt 0.375 0.859375
vt 0.34375 0.859375
vt 0.34375 0.828125
vt 0.375 0.8125
vt 0.375 0.875
vt 0.34375 0.875
vt 0.34375 0.8125
vt 0.375 0.875
vt 0.34375 0.875
vt 0.34375 0.8125
vt 0.375 0.8125
vt 0.3671875 0.8125
vt 0.34375 0.8125
vt 0.34375 0.7421875
vt 0.3671875 0.7421875
vt 0.3671875 0.7421875
vt 0.3671875 0.8125
vt 0.34375 0.8125
vt 0.34375 0.7421875
vt 0.34375 0.765625
vt 0.3671875 0.765625
vt 0.3671875 0.7890625
vt 0.34375 0.7890625
vt 0.3671875 0.765625
vt 0.3671875 0.7890625
vt 0.34375 0.7890625
vt 0.34375 0.765625
vt 0.3671875 0.7421875
vt 0.3671875 0.8125
vt 0.34375 0.8125
vt 0.34375 0.7421875
vt 0.3671875 0.8125
vt 0.34375 0.8125
vt 0.34375 0.7421875
vt 0.3671875 0.7421875
vt 0.3671875 0.8125
vt 0.34375 0.8125
vt 0.34375 0.7421875
vt 0.3671875 0.7421875
vt 0.3671875 0.7421875
vt 0.3671875 0.8125
vt 0.34375 0.8125
vt 0.34375 0.7421875
vt 0.34375 0.765625
vt 0.3671875 0.765625
vt 0.3671875 0.7890625
vt 0.34375 0.7890625
vt 0.3671875 0.765625
vt 0.3671875 0.7890625
vt 0.34375 0.7890625
vt 0.34375 0.765625
vt 0.3671875 0.7421875
vt 0.3671875 0.8125
vt 0.34375 0.8125
vt 0.34375 0.7421875
vt 0.3671875 0.8125
vt 0.34375 0.8125
vt 0.34375 0.7421875
vt 0.3671875 0.7421875
vt 0.3671875 0.8125
vt 0.34375 0.8125
vt 0.34375 0.7421875
vt 0.3671875 0.7421875
vt 0.3671875 0.7421875
vt 0.3671875 0.8125
vt 0.34375 0.8125
vt 0.34375 0.7421875
vt 0.34375 0.765625
vt 0.3671875 0.765625
vt 0.3671875 0.7890625
vt 0.34375 0.7890625
vt 0.3671875 0.765625
vt 0.3671875 0.7890625
vt 0.34375 0.7890625
vt 0.34375 0.765625
vt 0.3671875 0.7421875
vt 0.3671875 0.8125
vt 0.34375 0.8125
vt 0.34375 0.7421875
vt 0.3671875 0.8125
vt 0.34375 0.8125
vt 0.34375 0.7421875
vt 0.3671875 0.7421875
vt 0.34375 0.8046875
vt 0.2890625 0.8046875
vt 0.2890625 0.7890625
vt 0.34375 0.7890625
vt 0.34375 0.7890625
vt 0.34375 0.8046875
vt 0.2890625 0.8046875
vt 0.2890625 0.7890625
vt 0.2890625 0.7421875
vt 0.34375 0.7421875
vt 0.34375 0.796875
vt 0.2890625 0.796875
vt 0.34375 0.7421875
vt 0.34375 0.796875
vt 0.2890625 0.796875
vt 0.2890625 0.7421875
vt 0.34375 0.7890625
vt 0.34375 0.8046875
vt 0.2890625 0.8046875
vt 0.2890625 0.7890625
vt 0.34375 0.8046875
vt 0.2890625 0.8046875
vt 0.2890625 0.7890625
vt 0.34375 0.7890625
vt 0.34375 0.875
vt 0.28125 0.875
vt 0.28125 0.8046875
vt 0.34375 0.8046875
vt 0.34375 0.8046875
vt 0.34375 0.875
vt 0.28125 0.875
vt 0.28125 0.8046875
vt 0.28125 0.7421875
vt 0.34375 0.7421875
vt 0.34375 0.8046875
vt 0.28125 0.8046875
vt 0.34375 0.7421875
vt 0.34375 0.8046875
vt 0.28125 0.8046875
vt 0.28125 0.7421875
vt 0.34375 0.8046875
vt 0.34375 0.875
vt 0.28125 0.875
vt 0.28125 0.8046875
vt 0.34375 0.875
vt 0.28125 0.875
vt 0.28125 0.8046875
vt 0.34375 0.8046875
vt 0.34375 0.7890625
vt 0.28125 0.7890625
vt 0.28125 0.7578125
vt 0.34375 0.7578125
vt 0.34375 0.7578125
vt 0.34375 0.7890625
vt 0.28125 0.7890625
vt 0.28125 0.7578125
vt 0.296875 0.7421875
vt 0.328125 0.7421875
vt 0.328125 0.8046875
vt 0.296875 0.8046875
vt 0.328125 0.7421875
vt 0.328125 0.8046875
vt 0.296875 0.8046875
vt 0.296875 0.7421875
vt 0.328125 0.7578125
vt 0.328125 0.7890625
vt 0.296875 0.7890625
vt 0.296875 0.7578125
vt 0.328125 0.7890625
vt 0.296875 0.7890625
vt 0.296875 0.7578125
vt 0.328125 0.7578125
vt 0.328125 0.7421875
vt 0.28125 0.7421875
vt 0.28125 0.6796875
vt 0.328125 0.6796875
vt 0.328125 0.6796875
vt 0.328125 0.7421875
vt 0.28125 0.7421875
vt 0.28125 0.6796875
vt 0.28125 0.6875
vt 0.328125 0.6875
vt 0.328125 0.734375
vt 0.28125 0.734375
vt 0.328125 0.6875
vt 0.328125 0.734375
vt 0.28125 0.734375
vt 0.28125 0.6875
vt 0.328125 0.6796875
vt 0.328125 0.7421875
vt 0.28125 0.7421875
vt 0.28125 0.6796875
vt 0.328125 0.7421875
vt 0.28125 0.7421875
vt 0.28125 0.6796875
vt 0.328125 0.6796875
vt 0.375 0.875
vt 0.34375 0.875
vt 0.34375 0.8125
vt 0.375 0.8125
vt 0.375 0.8125
vt 0.375 0.875
vt 0.34375 0.875
vt 0.34375 0.8125
vt 0.34375 0.828125
vt 0.375 0.828125
vt 0.375 0.859375
vt 0.34375 0.859375
vt 0.375 0.828125
vt 0.375 0.859375
vt 0.34375 0.859375
vt 0.34375 0.828125
vt 0.375 0.8125
vt 0.375 0.875
vt 0.34375 0.875
vt 0.34375 0.8125
vt 0.375 0.875
vt 0.34375 0.875
vt 0.34375 0.8125
vt 0.375 0.8125
vt 0.3671875 0.8125
vt 0.34375 0.8125
vt 0.34375 0.7421875
vt 0.3671875 0.7421875
vt 0.3671875 0.7421875
vt 0.3671875 0.8125
vt 0.34375 0.8125
vt 0.34375 0.7421875
vt 0.34375 0.765625
vt 0.3671875 0.765625
vt 0.3671875 0.7890625
vt 0.34375 0.7890625
vt 0.3671875 0.765625
vt 0.3671875 0.7890625
vt 0.34375 0.7890625
vt 0.34375 0.765625
vt 0.3671875 0.7421875
vt 0.3671875 0.8125
vt 0.34375 0.8125
vt 0.34375 0.7421875
vt 0.3671875 0.8125
vt 0.34375 0.8125
vt 0.34375 0.7421875
vt 0.3671875 0.7421875
vt 0.3671875 0.8125
vt 0.34375 0.8125
vt 0.34375 0.7421875
vt 0.3671875 0.7421875
vt 0.3671875 0.7421875
vt 0.3671875 0.8125
vt 0.34375 0.8125
vt 0.34375 0.7421875
vt 0.34375 0.765625
vt 0.3671875 0.765625
vt 0.3671875 0.7890625
vt 0.34375 0.7890625
vt 0.3671875 0.765625
vt 0.3671875 0.7890625
vt 0.34375 0.7890625
vt 0.34375 0.765625
vt 0.3671875 0.7421875
vt 0.3671875 0.8125
vt 0.34375 0.8125
vt 0.34375 0.7421875
vt 0.3671875 0.8125
vt 0.34375 0.8125
vt 0.34375 0.7421875
vt 0.3671875 0.7421875
vt 0.3671875 0.8125
vt 0.34375 0.8125
vt 0.34375 0.7421875
vt 0.3671875 0.7421875
vt 0.3671875 0.7421875
vt 0.3671875 0.8125
vt 0.34375 0.8125
vt 0.34375 0.7421875
vt 0.34375 0.765625
vt 0.3671875 0.765625
vt 0.3671875 0.7890625
vt 0.34375 0.7890625
vt 0.3671875 0.765625
vt 0.3671875 0.7890625
vt 0.34375 0.7890625
vt 0.34375 0.765625
vt 0.3671875 0.7421875
vt 0.3671875 0.8125
vt 0.34375 0.8125
vt 0.34375 0.7421875
vt 0.3671875 0.8125
vt 0.34375 0.8125
vt 0.34375 0.7421875
vt 0.3671875 0.7421875
vt 0.34375 0.8046875
vt 0.2890625 0.8046875
vt 0.2890625 0.7890625
vt 0.34375 0.7890625
vt 0.34375 0.7890625
vt 0.34375 0.8046875
vt 0.2890625 0.8046875
vt 0.2890625 0.7890625
vt 0.2890625 0.7421875
vt 0.34375 0.7421875
vt 0.34375 0.796875
vt 0.2890625 0.796875
vt 0.34375 0.7421875
vt 0.34375 0.796875
vt 0.2890625 0.796875
vt 0.2890625 0.7421875
vt 0.34375 0.7890625
vt 0.34375 0.8046875
vt 0.2890625 0.8046875
vt 0.2890625 0.7890625
vt 0.34375 0.8046875
vt 0.2890625 0.8046875
vt 0.2890625 0.7890625
vt 0.34375 0.7890625
vt 0.34375 0.875
vt 0.28125 0.875
vt 0.28125 0.8046875
vt 0.34375 0.8046875
vt 0.34375 0.8046875
vt 0.34375 0.875
vt 0.28125 0.875
vt 0.28125 0.8046875
vt 0.28125 0.7421875
vt 0.34375 0.7421875
vt 0.34375 0.8046875
vt 0.28125 0.8046875
vt 0.34375 0.7421875
vt 0.34375 0.8046875
vt 0.28125 0.8046875
vt 0.28125 0.7421875
vt 0.34375 0.8046875
vt 0.34375 0.875
vt 0.28125 0.875
vt 0.28125 0.8046875
vt 0.34375 0.875
vt 0.28125 0.875
vt 0.28125 0.8046875
vt 0.34375 0.8046875
vt 0.34375 0.7890625
vt 0.28125 0.7890625
vt 0.28125 0.7578125
vt 0.34375 0.7578125
vt 0.34375 0.7578125
vt 0.34375 0.7890625
vt 0.28125 0.7890625
vt 0.28125 0.7578125
vt 0.296875 0.7421875
vt 0.328125 0.7421875
vt 0.328125 0.8046875
vt 0.296875 0.8046875
vt 0.328125 0.7421875
vt 0.328125 0.8046875
vt 0.296875 0.8046875
vt 0.296875 0.7421875
vt 0.328125 0.7578125
vt 0.328125 0.7890625
vt 0.296875 0.7890625
vt 0.296875 0.7578125
vt 0.328125 0.7890625
vt 0.296875 0.7890625
vt 0.296875 0.7578125
vt 0.328125 0.7578125
vt 0.328125 0.7421875
vt 0.28125 0.7421875
vt 0.28125 0.6796875
vt 0.328125 0.6796875
vt 0.328125 0.6796875
vt 0.328125 0.7421875
vt 0.28125 0.7421875
vt 0.28125 0.6796875
vt 0.28125 0.6875
vt 0.328125 0.6875
vt 0.328125 0.734375
vt 0.28125 0.734375
vt 0.328125 0.6875
vt 0.328125 0.734375
vt 0.28125 0.734375
vt 0.28125 0.6875
vt 0.328125 0.6796875
vt 0.328125 0.7421875
vt 0.28125 0.7421875
vt 0.28125 0.6796875
vt 0.328125 0.7421875
vt 0.28125 0.7421875
vt 0.28125 0.6796875
vt 0.328125 0.6796875
vt 0.375 0.875
vt 0.34375 0.875
vt 0.34375 0.8125
vt 0.375 0.8125
vt 0.375 0.8125
vt 0.375 0.875
vt 0.34375 0.875
vt 0.34375 0.8125
vt 0.34375 0.828125
vt 0.375 0.828125
vt 0.375 0.859375
vt 0.34375 0.859375
vt 0.375 0.828125
vt 0.375 0.859375
vt 0.34375 0.859375
vt 0.34375 0.828125
vt 0.375 0.8125
vt 0.375 0.875
vt 0.34375 0.875
vt 0.34375 0.8125
vt 0.375 0.875
vt 0.34375 0.875
vt 0.34375 0.8125
vt 0.375 0.8125
vt 0.3671875 0.8125
vt 0.34375 0.8125
vt 0.34375 0.7421875
vt 0.3671875 0.7421875
vt 0.3671875 0.7421875
vt 0.3671875 0.8125
vt 0.34375 0.8125
vt 0.34375 0.7421875
vt 0.34375 0.765625
vt 0.3671875 0.765625
vt 0.3671875 0.7890625
vt 0.34375 0.7890625
vt 0.3671875 0.765625
vt 0.3671875 0.7890625
vt 0.34375 0.7890625
vt 0.34375 0.765625
vt 0.3671875 0.7421875
vt 0.3671875 0.8125
vt 0.34375 0.8125
vt 0.34375 0.7421875
vt 0.3671875 0.8125
vt 0.34375 0.8125
vt 0.34375 0.7421875
vt 0.3671875 0.7421875
vt 0.3671875 0.8125
vt 0.34375 0.8125
vt 0.34375 0.7421875
vt 0.3671875 0.7421875
vt 0.3671875 0.7421875
vt 0.3671875 0.8125
vt 0.34375 0.8125
vt 0.34375 0.7421875
vt 0.34375 0.765625
vt 0.3671875 0.765625
vt 0.3671875 0.7890625
vt 0.34375 0.7890625
vt 0.3671875 0.765625
vt 0.3671875 0.7890625
vt 0.34375 0.7890625
vt 0.34375 0.765625
vt 0.3671875 0.7421875
vt 0.3671875 0.8125
vt 0.34375 0.8125
vt 0.34375 0.7421875
vt 0.3671875 0.8125
vt 0.34375 0.8125
vt 0.34375 0.7421875
vt 0.3671875 0.7421875
vt 0.3671875 0.8125
vt 0.34375 0.8125
vt 0.34375 0.7421875
vt 0.3671875 0.7421875
vt 0.3671875 0.7421875
vt 0.3671875 0.8125
vt 0.34375 0.8125
vt 0.34375 0.7421875
vt 0.34375 0.765625
vt 0.3671875 0.765625
vt 0.3671875 0.7890625
vt 0.34375 0.7890625
vt 0.3671875 0.765625
vt 0.3671875 0.7890625
vt 0.34375 0.7890625
vt 0.34375 0.765625
vt 0.3671875 0.7421875
vt 0.3671875 0.8125
vt 0.34375 0.8125
vt 0.34375 0.7421875
vt 0.3671875 0.8125
vt 0.34375 0.8125
vt 0.34375 0.7421875
vt 0.3671875 0.7421875
vt 0.34375 0.8046875
vt 0.2890625 0.8046875
vt 0.2890625 0.7890625
vt 0.34375 0.7890625
vt 0.34375 0.7890625
vt 0.34375 0.8046875
vt 0.2890625 0.8046875
vt 0.2890625 0.7890625
vt 0.2890625 0.7421875
vt 0.34375 0.7421875
vt 0.34375 0.796875
vt 0.2890625 0.796875
vt 0.34375 0.7421875
vt 0.34375 0.796875
vt 0.2890625 0.796875
vt 0.2890625 0.7421875
vt 0.34375 0.7890625
vt 0.34375 0.8046875
vt 0.2890625 0.8046875
vt 0.2890625 0.7890625
vt 0.34375 0.8046875
vt 0.2890625 0.8046875
vt 0.2890625 0.7890625
vt 0.34375 0.7890625
vt 0.34375 0.875
vt 0.28125 0.875
vt 0.28125 0.8046875
vt 0.34375 0.8046875
vt 0.34375 0.8046875
vt 0.34375 0.875
vt 0.28125 0.875
vt 0.28125 0.8046875
vt 0.28125 0.7421875
vt 0.34375 0.7421875
vt 0.34375 0.8046875
vt 0.28125 0.8046875
vt 0.34375 0.7421875
vt 0.34375 0.8046875
vt 0.28125 0.8046875
vt 0.28125 0.7421875
vt 0.34375 0.8046875
vt 0.34375 0.875
vt 0.28125 0.875
vt 0.28125 0.8046875
vt 0.34375 0.875
vt 0.28125 0.875
vt 0.28125 0.8046875
vt 0.34375 0.8046875
vt 0.34375 0.7890625
vt 0.28125 0.7890625
vt 0.28125 0.7578125
vt 0.34375 0.7578125
vt 0.34375 0.7578125
vt 0.34375 0.7890625
vt 0.28125 0.7890625
vt 0.28125 0.7578125
vt 0.296875 0.7421875
vt 0.328125 0.7421875
vt 0.328125 0.8046875
vt 0.296875 0.8046875
vt 0.328125 0.7421875
vt 0.328125 0.8046875
vt 0.296875 0.8046875
vt 0.296875 0.7421875
vt 0.328125 0.7578125
vt 0.328125 0.7890625
vt 0.296875 0.7890625
vt 0.296875 0.7578125
vt 0.328125 0.7890625
vt 0.296875 0.7890625
vt 0.296875 0.7578125
vt 0.328125 0.7578125
vt 0.328125 0.7421875
vt 0.28125 0.7421875
vt 0.28125 0.6796875
vt 0.328125 0.6796875
vt 0.328125 0.6796875
vt 0.328125 0.7421875
vt 0.28125 0.7421875
vt 0.28125 0.6796875
vt 0.28125 0.6875
vt 0.328125 0.6875
vt 0.328125 0.734375
vt 0.28125 0.734375
vt 0.328125 0.6875
vt 0.328125 0.734375
vt 0.28125 0.734375
vt 0.28125 0.6875
vt 0.328125 0.6796875
vt 0.328125 0.7421875
vt 0.28125 0.7421875
vt 0.28125 0.6796875
vt 0.328125 0.7421875
vt 0.28125 0.7421875
vt 0.28125 0.6796875
vt 0.328125 0.6796875
vt 0.375 0.875
vt 0.34375 0.875
vt 0.34375 0.8125
vt 0.375 0.8125
vt 0.375 0.8125
vt 0.375 0.875
vt 0.34375 0.875
vt 0.34375 0.8125
vt 0.34375 0.828125
vt 0.375 0.828125
vt 0.375 0.859375
vt 0.34375 0.859375
vt 0.375 0.828125
vt 0.375 0.859375
vt 0.34375 0.859375
vt 0.34375 0.828125
vt 0.375 0.8125
vt 0.375 0.875
vt 0.34375 0.875
vt 0.34375 0.8125
vt 0.375 0.875
vt 0.34375 0.875
vt 0.34375 0.8125
vt 0.375 0.8125
vt 0.3671875 0.8125
vt 0.34375 0.8125
vt 0.34375 0.7421875
vt 0.3671875 0.7421875
vt 0.3671875 0.7421875
vt 0.3671875 0.8125
vt 0.34375 0.8125
vt 0.34375 0.7421875
vt 0.34375 0.765625
vt 0.3671875 0.765625
vt 0.3671875 0.7890625
vt 0.34375 0.7890625
vt 0.3671875 0.765625
vt 0.3671875 0.7890625
vt 0.34375 0.7890625
vt 0.34375 0.765625
vt 0.3671875 0.7421875
vt 0.3671875 0.8125
vt 0.34375 0.8125
vt 0.34375 0.7421875
vt 0.3671875 0.8125
vt 0.34375 0.8125
vt 0.34375 0.7421875
vt 0.3671875 0.7421875
vt 0.3671875 0.8125
vt 0.34375 0.8125
vt 0.34375 0.7421875
vt 0.3671875 0.7421875
vt 0.3671875 0.7421875
vt 0.3671875 0.8125
vt 0.34375 0.8125
vt 0.34375 0.7421875
vt 0.34375 0.765625
vt 0.3671875 0.765625
vt 0.3671875 0.7890625
vt 0.34375 0.7890625
vt 0.3671875 0.765625
vt 0.3671875 0.7890625
vt 0.34375 0.7890625
vt 0.34375 0.765625
vt 0.3671875 0.7421875
vt 0.3671875 0.8125
vt 0.34375 0.8125
vt 0.34375 0.7421875
vt 0.3671875 0.8125
vt 0.34375 0.8125
vt 0.34375 0.7421875
vt 0.3671875 0.7421875
vt 0.3671875 0.8125
vt 0.34375 0.8125
vt 0.34375 0.7421875
vt 0.3671875 0.7421875
vt 0.3671875 0.7421875
vt 0.3671875 0.8125
vt 0.34375 0.8125
vt 0.34375 0.7421875
vt 0.34375 0.765625
vt 0.3671875 0.765625
vt 0.3671875 0.7890625
vt 0.34375 0.7890625
vt 0.3671875 0.765625
vt 0.3671875 0.7890625
vt 0.34375 0.7890625
vt 0.34375 0.765625
vt 0.3671875 0.7421875
vt 0.3671875 0.8125
vt 0.34375 0.8125
vt 0.34375 0.7421875
vt 0.3671875 0.8125
vt 0.34375 0.8125
vt 0.34375 0.7421875
vt 0.3671875 0.7421875
vt 0.34375 0.8046875
vt 0.2890625 0.8046875
vt 0.2890625 0.7890625
vt 0.34375 0.7890625
vt 0.34375 0.7890625
vt 0.34375 0.8046875
vt 0.2890625 0.8046875
vt 0.2890625 0.7890625
vt 0.2890625 0.7421875
vt 0.34375 0.7421875
vt 0.34375 0.796875
vt 0.2890625 0.796875
vt 0.34375 0.7421875
vt 0.34375 0.796875
vt 0.2890625 0.796875
vt 0.2890625 0.7421875
vt 0.34375 0.7890625
vt 0.34375 0.8046875
vt 0.2890625 0.8046875
vt 0.2890625 0.7890625
vt 0.34375 0.8046875
vt 0.2890625 0.8046875
vt 0.2890625 0.7890625
vt 0.34375 0.7890625
vt 0.34375 0.875
vt 0.28125 0.875
vt 0.28125 0.8046875
vt 0.34375 0.8046875
vt 0.34375 0.8046875
vt 0.34375 0.875
vt 0.28125 0.875
vt 0.28125 0.8046875
vt 0.28125 0.7421875
vt 0.34375 0.7421875
vt 0.34375 0.8046875
vt 0.28125 0.8046875
vt 0.34375 0.7421875
vt 0.34375 0.8046875
vt 0.28125 0.8046875
vt 0.28125 0.7421875
vt 0.34375 0.8046875
vt 0.34375 0.875
vt 0.28125 0.875
vt 0.28125 0.8046875
vt 0.34375 0.875
vt 0.28125 0.875
vt 0.28125 0.8046875
vt 0.34375 0.8046875
vt 0.34375 0.7890625
vt 0.28125 0.7890625
vt 0.28125 0.7578125
vt 0.34375 0.7578125
vt 0.34375 0.7578125
vt 0.34375 0.7890625
vt 0.28125 0.7890625
vt 0.28125 0.7578125
vt 0.296875 0.7421875
vt 0.328125 0.7421875
vt 0.328125 0.8046875
vt 0.296875 0.8046875
vt 0.328125 0.7421875
vt 0.328125 0.8046875
vt 0.296875 0.8046875
vt 0.296875 0.7421875
vt 0.328125 0.7578125
vt 0.328125 0.7890625
vt 0.296875 0.7890625
vt 0.296875 0.7578125
vt 0.328125 0.7890625
vt 0.296875 0.7890625
vt 0.296875 0.7578125
vt 0.328125 0.7578125
vt 0.328125 0.7421875
vt 0.28125 0.7421875
vt 0.28125 0.6796875
vt 0.328125 0.6796875
vt 0.328125 0.6796875
vt 0.328125 0.7421875
vt 0.28125 0.7421875
vt 0.28125 0.6796875
vt 0.28125 0.6875
vt 0.328125 0.6875
vt 0.328125 0.734375
vt 0.28125 0.734375
vt 0.328125 0.6875
vt 0.328125 0.734375
vt 0.28125 0.734375
vt 0.28125 0.6875
vt 0.328125 0.6796875
vt 0.328125 0.7421875
vt 0.28125 0.7421875
vt 0.28125 0.6796875
vt 0.328125 0.7421875
vt 0.28125 0.7421875
vt 0.28125 0.6796875
vt 0.328125 0.6796875
vt 0.375 0.875
vt 0.34375 0.875
vt 0.34375 0.8125
vt 0.375 0.8125
vt 0.375 0.8125
vt 0.375 0.875
vt 0.34375 0.875
vt 0.34375 0.8125
vt 0.34375 0.828125
vt 0.375 0.828125
vt 0.375 0.859375
vt 0.34375 0.859375
vt 0.375 0.828125
vt 0.375 0.859375
vt 0.34375 0.859375
vt 0.34375 0.828125
vt 0.375 0.8125
vt 0.375 0.875
vt 0.34375 0.875
vt 0.34375 0.8125
vt 0.375 0.875
vt 0.34375 0.875
vt 0.34375 0.8125
vt 0.375 0.8125
vt 0.3671875 0.8125
vt 0.34375 0.8125
vt 0.34375 0.7421875
vt 0.3671875 0.7421875
vt 0.3671875 0.7421875
vt 0.3671875 0.8125
vt 0.34375 0.8125
vt 0.34375 0.7421875
vt 0.34375 0.765625
vt 0.3671875 0.765625
vt 0.3671875 0.7890625
vt 0.34375 0.7890625
vt 0.3671875 0.765625
vt 0.3671875 0.7890625
vt 0.34375 0.7890625
vt 0.34375 0.765625
vt 0.3671875 0.7421875
vt 0.3671875 0.8125
vt 0.34375 0.8125
vt 0.34375 0.7421875
vt 0.3671875 0.8125
vt 0.34375 0.8125
vt 0.34375 0.7421875
vt 0.3671875 0.7421875
vt 0.3671875 0.8125
vt 0.34375 0.8125
vt 0.34375 0.7421875
vt 0.3671875 0.7421875
vt 0.3671875 0.7421875
vt 0.3671875 0.8125
vt 0.34375 0.8125
vt 0.34375 0.7421875
vt 0.34375 0.765625
vt 0.3671875 0.765625
vt 0.3671875 0.7890625
vt 0.34375 0.7890625
vt 0.3671875 0.765625
vt 0.3671875 0.7890625
vt 0.34375 0.7890625
vt 0.34375 0.765625
vt 0.3671875 0.7421875
vt 0.3671875 0.8125
vt 0.34375 0.8125
vt 0.34375 0.7421875
vt 0.3671875 0.8125
vt 0.34375 0.8125
vt 0.34375 0.7421875
vt 0.3671875 0.7421875
vt 0.3671875 0.8125
vt 0.34375 0.8125
vt 0.34375 0.7421875
vt 0.3671875 0.7421875
vt 0.3671875 0.7421875
vt 0.3671875 0.8125
vt 0.34375 0.8125
vt 0.34375 0.7421875
vt 0.34375 0.765625
vt 0.3671875 0.765625
vt 0.3671875 0.7890625
vt 0.34375 0.7890625
vt 0.3671875 0.765625
vt 0.3671875 0.7890625
vt 0.34375 0.7890625
vt 0.34375 0.765625
vt 0.3671875 0.7421875
vt 0.3671875 0.8125
vt 0.34375 0.8125
vt 0.34375 0.7421875
vt 0.3671875 0.8125
vt 0.34375 0.8125
vt 0.34375 0.7421875
vt 0.3671875 0.7421875
vt 0.34375 0.8046875
vt 0.2890625 0.8046875
vt 0.2890625 0.7890625
vt 0.34375 0.7890625
vt 0.34375 0.7890625
vt 0.34375 0.8046875
vt 0.2890625 0.8046875
vt 0.2890625 0.7890625
vt 0.2890625 0.7421875
vt 0.34375 0.7421875
vt 0.34375 0.796875
vt 0.2890625 0.796875
vt 0.34375 0.7421875
vt 0.34375 0.796875
vt 0.2890625 0.796875
vt 0.2890625 0.7421875
vt 0.34375 0.7890625
vt 0.34375 0.8046875
vt 0.2890625 0.8046875
vt 0.2890625 0.7890625
vt 0.34375 0.8046875
vt 0.2890625 0.8046875
vt 0.2890625 0.7890625
vt 0.34375 0.7890625
vt 0.34375 0.875
vt 0.28125 0.875
vt 0.28125 0.8046875
vt 0.34375 0.8046875
vt 0.34375 0.8046875
vt 0.34375 0.875
vt 0.28125 0.875
vt 0.28125 0.8046875
vt 0.28125 0.7421875
vt 0.34375 0.7421875
vt 0.34375 0.8046875
vt 0.28125 0.8046875
vt 0.34375 0.7421875
vt 0.34375 0.8046875
vt 0.28125 0.8046875
vt 0.28125 0.7421875
vt 0.34375 0.8046875
vt 0.34375 0.875
vt 0.28125 0.875
vt 0.28125 0.8046875
vt 0.34375 0.875
vt 0.28125 0.875
vt 0.28125 0.8046875
vt 0.34375 0.8046875
vt 0.34375 0.7890625
vt 0.28125 0.7890625
vt 0.28125 0.7578125
vt 0.34375 0.7578125
vt 0.34375 0.7578125
vt 0.34375 0.7890625
vt 0.28125 0.7890625
vt 0.28125 0.7578125
vt 0.296875 0.7421875
vt 0.328125 0.7421875
vt 0.328125 0.8046875
vt 0.296875 0.8046875
vt 0.328125 0.7421875
vt 0.328125 0.8046875
vt 0.296875 0.8046875
vt 0.296875 0.7421875
vt 0.328125 0.7578125
vt 0.328125 0.7890625
vt 0.296875 0.7890625
vt 0.296875 0.7578125
vt 0.328125 0.7890625
vt 0.296875 0.7890625
vt 0.296875 0.7578125
vt 0.328125 0.7578125
vt 0.328125 0.7421875
vt 0.28125 0.7421875
vt 0.28125 0.6796875
vt 0.328125 0.6796875
vt 0.328125 0.6796875
vt 0.328125 0.7421875
vt 0.28125 0.7421875
vt 0.28125 0.6796875
vt 0.28125 0.6875
vt 0.328125 0.6875
vt 0.328125 0.734375
vt 0.28125 0.734375
vt 0.328125 0.6875
vt 0.328125 0.734375
vt 0.28125 0.734375
vt 0.28125 0.6875
vt 0.328125 0.6796875
vt 0.328125 0.7421875
vt 0.28125 0.7421875
vt 0.28125 0.6796875
vt 0.328125 0.7421875
vt 0.28125 0.7421875
vt 0.28125 0.6796875
vt 0.328125 0.6796875
vt 0.375 0.875
vt 0.34375 0.875
vt 0.34375 0.8125
vt 0.375 0.8125
vt 0.375 0.8125
vt 0.375 0.875
vt 0.34375 0.875
vt 0.34375 0.8125
vt 0.34375 0.828125
vt 0.375 0.828125
vt 0.375 0.859375
vt 0.34375 0.859375
vt 0.375 0.828125
vt 0.375 0.859375
vt 0.34375 0.859375
vt 0.34375 0.828125
vt 0.375 0.8125
vt 0.375 0.875
vt 0.34375 0.875
vt 0.34375 0.8125
vt 0.375 0.875
vt 0.34375 0.875
vt 0.34375 0.8125
vt 0.375 0.8125
vt 0.3671875 0.8125
vt 0.34375 0.8125
vt 0.34375 0.7421875
vt 0.3671875 0.7421875
vt 0.3671875 0.7421875
vt 0.3671875 0.8125
vt 0.34375 0.8125
vt 0.34375 0.7421875
vt 0.34375 0.765625
vt 0.3671875 0.765625
vt 0.3671875 0.7890625
vt 0.34375 0.7890625
vt 0.3671875 0.765625
vt 0.3671875 0.7890625
vt 0.34375 0.7890625
vt 0.34375 0.765625
vt 0.3671875 0.7421875
vt 0.3671875 0.8125
vt 0.34375 0.8125
vt 0.34375 0.7421875
vt 0.3671875 0.8125
vt 0.34375 0.8125
vt 0.34375 0.7421875
vt 0.3671875 0.7421875
vt 0.3671875 0.8125
vt 0.34375 0.8125
vt 0.34375 0.7421875
vt 0.3671875 0.7421875
vt 0.3671875 0.7421875
vt 0.3671875 0.8125
vt 0.34375 0.8125
vt 0.34375 0.7421875
vt 0.34375 0.765625
vt 0.3671875 0.765625
vt 0.3671875 0.7890625
vt 0.34375 0.7890625
vt 0.3671875 0.765625
vt 0.3671875 0.7890625
vt 0.34375 0.7890625
vt 0.34375 0.765625
vt 0.3671875 0.7421875
vt 0.3671875 0.8125
vt 0.34375 0.8125
vt 0.34375 0.7421875
vt 0.3671875 0.8125
vt 0.34375 0.8125
vt 0.34375 0.7421875
vt 0.3671875 0.7421875
vt 0.3671875 0.8125
vt 0.34375 0.8125
vt 0.34375 0.7421875
vt 0.3671875 0.7421875
vt 0.3671875 0.7421875
vt 0.3671875 0.8125
vt 0.34375 0.8125
vt 0.34375 0.7421875
vt 0.34375 0.765625
vt 0.3671875 0.765625
vt 0.3671875 0.7890625
vt 0.34375 0.7890625
vt 0.3671875 0.765625
vt 0.3671875 0.7890625
vt 0.34375 0.7890625
vt 0.34375 0.765625
vt 0.3671875 0.7421875
vt 0.3671875 0.8125
vt 0.34375 0.8125
vt 0.34375 0.7421875
vt 0.3671875 0.8125
vt 0.34375 0.8125
vt 0.34375 0.7421875
vt 0.3671875 0.7421875
vt 0.5 0.875
vt 0.375 0.875
vt 0.375 0.75
vt 0.5 0.75
vt 1 0.125
vt 1 0.25
vt 0.875 0.25
vt 0.875 0.125
vt 0.875 0.125
vt 1 0.125
vt 1 0.25
vt 0.875 0.25
vt 1 0.125
vt 1 0.25
vt 0.875 0.25
vt 0.875 0.125
vt 1 0.125
vt 1 0.25
vt 0.875 0.25
vt 0.875 0.125
vt 1 0.25
vt 0.875 0.25
vt 0.875 0.125
vt 1 0.125
vt 0.5 0.625
vt 0.5 0.75
vt 0.375 0.75
vt 0.375 0.625
vt 1 0.25
vt 0.875 0.25
vt 0.875 0.125
vt 1 0.125
vt 0.875 0.25
vt 0.875 0.125
vt 1 0.125
vt 1 0.25
vt 1 0.25
vt 0.875 0.25
vt 0.875 0.125
vt 1 0.125
vt 1 0.25
vt 0.875 0.25
vt 0.875 0.125
vt 1 0.125
vt 1 0.125
vt 1 0.25
vt 0.875 0.25
vt 0.875 0.125
vt 0.375 0.875
vt 0.375 1
vt 0.25 1
vt 0.25 0.875
vt 0.375 1
vt 0.25 1
vt 0.25 0.875
vt 0.375 0.875
vt 0.25 1
vt 0.25 0.875
vt 0.375 0.875
vt 0.375 1
vt 0.7734375 0.75
vt 0.8984375 0.75
vt 0.8984375 0.875
vt 0.7734375 0.875
vt 0.375 1
vt 0.25 1
vt 0.25 0.875
vt 0.375 0.875
vt 0.375 0.875
vt 0.375 1
vt 0.25 1
vt 0.25 0.875
vt 0.6796875 0.4921875
vt 0.6484375 0.4921875
vt 0.6484375 0.3984375
vt 0.6796875 0.3984375
vt 0.6796875 0.40625
vt 0.6796875 0.5
vt 0.6484375 0.5
vt 0.6484375 0.40625
vt 0.6640625 0.46875
vt 0.6796875 0.46875
vt 0.6796875 0.5
vt 0.6640625 0.5
vt 0.6796875 0.46875
vt 0.6796875 0.5
vt 0.6640625 0.5
vt 0.6640625 0.46875
vt 0.6796875 0.40625
vt 0.6796875 0.5
vt 0.6640625 0.5
vt 0.6640625 0.40625
vt 0.6796875 0.5
vt 0.6640625 0.5
vt 0.6640625 0.40625
vt 0.6796875 0.40625
vt 0.6796875 0.4921875
vt 0.6484375 0.4921875
vt 0.6484375 0.3984375
vt 0.6796875 0.3984375
vt 0.6796875 0.40625
vt 0.6796875 0.5
vt 0.6484375 0.5
vt 0.6484375 0.40625
vt 0.6640625 0.46875
vt 0.6796875 0.46875
vt 0.6796875 0.5
vt 0.6640625 0.5
vt 0.6796875 0.46875
vt 0.6796875 0.5
vt 0.6640625 0.5
vt 0.6640625 0.46875
vt 0.6796875 0.40625
vt 0.6796875 0.5
vt 0.6640625 0.5
vt 0.6640625 0.40625
vt 0.6796875 0.5
vt 0.6640625 0.5
vt 0.6640625 0.40625
vt 0.6796875 0.40625
vt 1 0.25
vt 0.9375 0.25
vt 0.9375 0.125
vt 1 0.125
vt 0.9375 0.125
vt 0.9375 0.25
vt 0.875 0.25
vt 0.875 0.125
vt 0.875 0.1875
vt 1 0.1875
vt 1 0.25
vt 0.875 0.25
vt 1 0.125
vt 1 0.1875
vt 0.875 0.1875
vt 0.875 0.125
vt 1 0.125
vt 1 0.25
vt 0.875 0.25
vt 0.875 0.125
vt 0.875 0.625
vt 0.75 0.625
vt 0.75 0.5
vt 0.875 0.5
vn 1 0 0
vn -1 0 0
vn 0 1 0
vn 0 -1 0
vn 0 0 1
vn 0 0 -1
vn 1 0 0
vn -1 0 0
vn 0 1 0
vn 0 -1 0
vn 0 0 -1
vn 0 0 1
vn 1 0 0
vn -1 0 0
vn 0 1 0
vn 0 -1 0
vn 0 0 1
vn 0 0 -1
vn 1 0 0
vn -1 0 0
vn 0 1 0
vn 0 -1 0
vn 0 0 -1
vn 0 0 1
vn -1 0 0
vn 1 0 0
vn 0 1 0
vn 0 -1 0
vn 0 0 -1
vn 0 0 1
vn -1 0 0
vn 1 0 0
vn 0 1 0
vn 0 -1 0
vn 0 0 1
vn 0 0 -1
vn -1 0 0
vn 1 0 0
vn 0 1 0
vn 0 -1 0
vn 0 0 -1
vn 0 0 1
vn 1 0 0
vn -1 0 0
vn 0 1 0
vn 0 -1 0
vn 0 0 -1
vn 0 0 1
vn 1 0 0
vn -1 0 0
vn 0 1 0
vn 0 -1 0
vn 0 0 1
vn 0 0 -1
vn -1 0 0
vn 1 0 0
vn 0 1 0
vn 0 -1 0
vn 0 0 1
vn 0 0 -1
vn -1 0 0
vn 1 0 0
vn 0 1 0
vn 0 -1 0
vn 0 0 1
vn 0 0 -1
vn -1 0 0
vn 1 0 0
vn 0 1 0
vn 0 -1 0
vn 0 0 1
vn 0 0 -1
vn -1 0 0
vn 1 0 0
vn 0 1 0
vn 0 -1 0
vn 0 0 1
vn 0 0 -1
vn -1 0 0
vn 1 0 0
vn 0 1 0
vn 0 -1 0
vn 0 0 1
vn 0 0 -1
vn -1 0 0
vn 1 0 0
vn 0 0.9998611400396 0.01666435233399357
vn 0 -0.9998611400396 -0.01666435233399357
vn 0 0 1
vn 0 0 -1
vn -1 0 0
vn 1 0 0
vn 0 1 0
vn 0 -1 0
vn 0 0 1
vn 0 0 -1
vn -1 0 0
vn 1 0 0
vn 0 1 0
vn 0 -1 0
vn 0 0 -1
vn 0 0 1
vn -1 0 0
vn 1 0 0
vn 0 1 0
vn 0 -1 0
vn 0 0 -1
vn 0 0 1
vn -1 0 0
vn 1 0 0
vn 0 1 0
vn 0 -1 0
vn 0 0 -1
vn 0 0 1
vn -1 0 0
vn 1 0 0
vn 0 1 0
vn 0 -1 0
vn 0 0 -1
vn 0 0 1
vn -1 0 0
vn 1 0 0
vn 0 0.9848077530122082 -0.17364817766692953
vn 0 -0.984807753012208 0.1736481776669315
vn 0 -0.1736481776669293 -0.9848077530122082
vn 0 0.17364817766693055 0.9848077530122081
vn -1 0 0
vn 1 0 0
vn 0 0.984807753012208 -0.1736481776669311
vn 0 -0.984807753012208 0.1736481776669311
vn 0 -0.1736481776669305 -0.984807753012208
vn 0 0.1736481776669305 0.984807753012208
vn -1 0 0
vn 1 0 0
vn 0 1 0
vn 0 -1 0
vn 0 0 -1
vn 0 0 1
vn -1 0 0
vn 1 0 0
vn 0 0.9848077530122082 -0.17364817766693014
vn 0 -0.9848077530122082 0.17364817766693014
vn 0 -0.17364817766693008 -0.9848077530122081
vn 0 0.17364817766693008 0.9848077530122081
vn -1 0 0
vn 1 0 0
vn 0 0.9848077530122081 -0.17364817766692991
vn 0 -0.9848077530122081 0.17364817766693025
vn 0 -0.17364817766693097 -0.9848077530122081
vn 0 0.17364817766693008 0.9848077530122081
vn -1 0 0
vn 1 0 0
vn 0 0.9848077530122085 -0.173648177666929
vn 0 -0.984807753012208 0.1736481776669313
vn 0 -0.1736481776669304 -0.9848077530122082
vn 0 0.1736481776669305 0.984807753012208
vn -1 0 0
vn 1 0 0
vn 0 0.984807753012208 -0.1736481776669313
vn 0 -0.9848077530122085 0.173648177666929
vn 0 -0.17364817766693066 -0.9848077530122081
vn 0 0.1736481776669305 0.984807753012208
vn -1 0 0
vn 1 0 0
vn 0 0.17364817766693014 0.9848077530122082
vn 0 -0.17364817766692858 -0.9848077530122085
vn 0 0.9848077530122081 -0.17364817766693016
vn 0 -0.984807753012208 0.17364817766693094
vn -0.7071067811865476 0 0.7071067811865476
vn 0.7071067811865476 1.3005469717037486e-15 -0.7071067811865475
vn -0.1227878039689723 0.9848077530122082 -0.1227878039689723
vn 0.12278780396897365 -0.984807753012208 0.12278780396897372
vn -0.6963642403200192 -0.1736481776669285 -0.6963642403200192
vn 0.6963642403200186 0.17364817766693097 0.6963642403200192
vn -0.7071067811865476 2.960594732333751e-16 0.7071067811865476
vn 0.7071067811865476 2.837236618486512e-16 -0.7071067811865475
vn -0.12278780396897324 0.984807753012208 -0.12278780396897332
vn 0.12278780396897335 -0.984807753012208 0.12278780396897328
vn -0.6963642403200188 -0.17364817766693066 -0.6963642403200192
vn 0.6963642403200189 0.17364817766693041 0.6963642403200191
vn -0.7071067811865475 0 0.7071067811865476
vn 0.7071067811865478 0 -0.7071067811865475
vn 0 1 0
vn 0 -1 0
vn -0.7071067811865478 0 -0.7071067811865474
vn 0.7071067811865474 0 0.7071067811865478
vn -0.7071067811865475 -2.9605947323337506e-16 0.7071067811865476
vn 0.7071067811865482 -6.198745220823784e-16 -0.7071067811865469
vn -0.12278780396897276 0.9848077530122082 -0.12278780396897261
vn 0.12278780396897264 -0.9848077530122082 0.12278780396897271
vn -0.6963642403200194 -0.1736481776669301 -0.6963642403200185
vn 0.6963642403200189 0.17364817766693016 0.6963642403200191
vn -0.7071067811865476 1.3877787807814457e-16 0.7071067811865476
vn 0.7071067811865476 -1.5959455978986625e-16 -0.7071067811865475
vn -0.1227878039689727 0.9848077530122081 -0.12278780396897263
vn 0.1227878039689727 -0.9848077530122081 0.12278780396897263
vn -0.6963642403200192 -0.1736481776669303 -0.6963642403200188
vn 0.6963642403200192 0.17364817766693028 0.6963642403200188
vn -0.7071067811865469 -1.3158198810372232e-16 0.7071067811865482
vn 0.7071067811865482 -1.315819881037221e-16 -0.7071067811865469
vn -0.1227878039689721 0.9848077530122085 -0.12278780396897189
vn 0.1227878039689733 -0.984807753012208 0.1227878039689735
vn -0.6963642403200196 -0.17364817766692997 -0.6963642403200184
vn 0.6963642403200183 0.17364817766693064 0.6963642403200195
vn -0.7071067811865477 3.2895497025930593e-17 0.7071067811865474
vn 0.7071067811865476 0 -0.7071067811865476
vn -0.12278780396897353 0.984807753012208 -0.12278780396897353
vn 0.12278780396897182 -0.9848077530122085 0.1227878039689719
vn -0.696364240320019 -0.17364817766693044 -0.696364240320019
vn 0.6963642403200189 0.1736481776669304 0.6963642403200191
vn -0.7071067811865476 0 0.7071067811865476
vn 0.7071067811865476 0 -0.7071067811865476
vn 0.6963642403200195 0.17364817766693091 0.6963642403200183
vn -0.6963642403200195 -0.1736481776669305 -0.6963642403200183
vn -0.1227878039689728 0.9848077530122081 -0.12278780396897254
vn 0.12278780396897336 -0.984807753012208 0.12278780396897315
vn -4.998199964450368e-16 -8.81317508708685e-17 1
vn 4.998199964450369e-16 8.813175087086851e-17 -1
vn -0.17364817766692964 0.9848077530122082 -8.813175087086869e-17
vn 0.17364817766693158 -0.984807753012208 1.0875654118777047e-16
vn -0.9848077530122082 -0.1736481776669293 -4.996003610813185e-16
vn 0.9848077530122081 0.17364817766693053 4.99819996445037e-16
vn -4.373424968894071e-16 -7.711528201201045e-17 1
vn 4.373424968894071e-16 7.711528201201045e-17 -1
vn -0.17364817766693094 0.984807753012208 -7.711528201201069e-17
vn 0.17364817766693103 -0.984807753012208 8.32667268468868e-17
vn -0.984807753012208 -0.1736481776669305 -4.1941758708061493e-16
vn 0.9848077530122082 0.17364817766693014 2.186712484447037e-16
vn -4.440892098500627e-16 0 1
vn 4.440892098500627e-16 0 -1
vn 0 1 0
vn 0 -1 0
vn -1 0 -4.440892098500626e-16
vn 1 0 4.440892098500626e-16
vn -5.831233291858765e-16 -1.0282037601601375e-16 1
vn 0 0 -1
vn -0.1736481776669302 0.9848077530122082 0
vn 0.17364817766693014 -0.9848077530122082 9.86864910777918e-17
vn -0.9848077530122082 -0.17364817766693008 0
vn 0.9848077530122081 0.1736481776669303 2.915616645929381e-16
vn -8.746849937788143e-16 -1.5423056402402093e-16 1
vn 0 0 -1
vn -0.17364817766693008 0.9848077530122081 -1.5423056402402069e-16
vn 0.17364817766693022 -0.9848077530122081 0
vn -0.9848077530122081 -0.17364817766693053 -8.88178419700126e-16
vn 0.9848077530122081 0.17364817766693008 0
vn -1.1662466583717528e-15 -2.0564075203202783e-16 1
vn 0 0 -1
vn -0.173648177666929 0.9848077530122085 0
vn 0.1736481776669313 -0.984807753012208 0
vn -0.9848077530122081 -0.1736481776669304 0
vn 0.984807753012208 0.1736481776669305 0
vn 0 0 1
vn 0 0 -1
vn -0.1736481776669313 0.984807753012208 0
vn 0.173648177666929 -0.9848077530122085 1.233581138472397e-16
vn -0.9848077530122081 -0.17364817766693047 0
vn 0.9848077530122081 0.17364817766693033 0
vn -4.373424968894072e-16 -7.711528201201031e-17 1
vn 4.373424968894072e-16 7.711528201201031e-17 -1
vn 0.9848077530122082 0.17364817766693014 0
vn -0.9848077530122082 -0.17364817766692972 0
vn -0.1736481776669301 0.9848077530122081 0
vn 0.173648177666931 -0.984807753012208 0
vn 0.7071067811865476 0 0.7071067811865476
vn -0.7071067811865477 1.2371056560108916e-15 -0.7071067811865474
vn -0.12278780396897303 0.9848077530122081 0.12278780396897303
vn 0.12278780396897228 -0.9848077530122082 -0.12278780396897235
vn -0.6963642403200188 -0.1736481776669321 0.6963642403200189
vn 0.6963642403200189 0.1736481776669309 -0.6963642403200189
vn 0.7071067811865477 4.9343245538895856e-17 0.7071067811865474
vn -0.7071067811865475 2.4671622769447934e-17 -0.7071067811865477
vn -0.12278780396897328 0.9848077530122081 0.12278780396897335
vn 0.12278780396897263 -0.9848077530122081 -0.1227878039689727
vn -0.6963642403200188 -0.17364817766693041 0.6963642403200193
vn 0.6963642403200188 0.17364817766693041 -0.6963642403200192
vn 0.7071067811865477 0 0.7071067811865475
vn -0.7071067811865475 -3.14018491736755e-16 -0.7071067811865476
vn 0 1 0
vn 0 -1 0
vn -0.7071067811865476 0 0.7071067811865476
vn 0.7071067811865475 0 -0.7071067811865477
vn 0.7071067811865476 -1.8503717077085946e-16 0.7071067811865475
vn -0.7071067811865476 0 -0.7071067811865476
vn -0.12278780396897268 0.984807753012208 0.12278780396897347
vn 0.12278780396897264 -0.9848077530122082 -0.12278780396897276
vn -0.6963642403200191 -0.173648177666931 0.6963642403200186
vn 0.696364240320019 0.17364817766693075 -0.6963642403200188
vn 0.7071067811865476 -1.3877787807814452e-16 0.7071067811865475
vn -0.7071067811865475 -1.5265566588595898e-16 -0.7071067811865476
vn -0.12278780396897272 0.9848077530122082 0.12278780396897265
vn 0.1227878039689736 -0.9848077530122079 -0.12278780396897367
vn -0.6963642403200192 -0.1736481776669309 0.6963642403200188
vn 0.6963642403200192 0.17364817766693078 -0.6963642403200188
vn 0.7071067811865479 2.138207306685487e-16 0.7071067811865472
vn -0.7071067811865476 1.3980586236020485e-16 -0.7071067811865476
vn -0.12278780396897189 0.9848077530122085 0.122787803968972
vn 0.12278780396897356 -0.984807753012208 -0.12278780396897346
vn -0.6963642403200188 -0.1736481776669304 0.6963642403200193
vn 0.696364240320019 0.17364817766693064 -0.696364240320019
vn 0.7071067811865476 0 0.7071067811865476
vn -0.7071067811865479 0 -0.7071067811865472
vn -0.1227878039689735 0.984807753012208 0.1227878039689735
vn 0.12278780396897185 -0.9848077530122085 -0.12278780396897188
vn -0.696364240320019 -0.17364817766693064 0.696364240320019
vn 0.6963642403200186 0.1736481776669305 -0.6963642403200193
vn 0.7071067811865478 5.5511151231257685e-17 0.7071067811865474
vn -0.7071067811865475 0 -0.7071067811865476
vn 0.696364240320019 0.17364817766693055 -0.696364240320019
vn -0.6963642403200192 -0.17364817766693133 0.6963642403200186
vn -0.12278780396897389 0.984807753012208 0.12278780396897392
vn 0.12278780396897267 -0.9848077530122082 -0.12278780396897267
vn 1 0 0
vn -1 0 0
vn 0 0.9848077530122081 0.17364817766693058
vn 0 -0.9848077530122082 -0.17364817766692953
vn 0 -0.17364817766693055 0.9848077530122081
vn 0 0.17364817766693166 -0.984807753012208
vn 1 0 0
vn -1 1.9437444306195873e-16 3.4273458672004737e-17
vn 0 0.984807753012208 0.17364817766693097
vn 0 -0.9848077530122081 -0.17364817766693097
vn 0 -0.1736481776669309 0.984807753012208
vn 0 0.1736481776669309 -0.984807753012208
vn 1 0 0
vn -1 0 0
vn 1.7763568394002505e-15 1 8.881784197001252e-16
vn -1.7763568394002505e-15 -1 -8.881784197001252e-16
vn 0 0 1
vn 0 0 -1
vn 1 0 0
vn -1 1.0933562422235178e-16 1.9278820503002574e-17
vn 5.831233291858761e-16 0.984807753012208 0.17364817766693072
vn 0 -0.9848077530122082 -0.17364817766693014
vn -1.1102230246251568e-16 -0.17364817766693058 0.984807753012208
vn 0 0.1736481776669305 -0.984807753012208
vn 1 -2.1867124844470352e-16 -3.855764100600513e-17
vn -1 1.0933562422235173e-16 1.9278820503002558e-17
vn 0 0.9848077530122081 0.17364817766693008
vn 0 -0.9848077530122079 -0.17364817766693139
vn 0 -0.1736481776669305 0.9848077530122081
vn 0 0.17364817766693058 -0.984807753012208
vn 1 -1.9437444306195865e-16 -3.4273458672004287e-17
vn -1 9.718722153097933e-17 1.7136729336002143e-17
vn 0 0.9848077530122085 0.17364817766692878
vn 0 -0.984807753012208 -0.17364817766693127
vn 0 -0.17364817766693075 0.984807753012208
vn 0 0.1736481776669305 -0.984807753012208
vn 1 -1.9437444306195873e-16 -3.4273458672004786e-17
vn -1 9.718722153097936e-17 1.7136729336002393e-17
vn 0 0.984807753012208 0.1736481776669312
vn 0 -0.9848077530122085 -0.1736481776669289
vn 0 -0.1736481776669307 0.984807753012208
vn 0 0.17364817766693055 -0.984807753012208
vn 1 0 0
vn -1 0 0
vn 0 0.1736481776669309 -0.9848077530122081
vn 0 -0.1736481776669317 0.984807753012208
vn 0 0.9848077530122078 0.1736481776669318
vn 0 -0.9848077530122081 -0.17364817766693008
vn 0.707106781186548 1.0150610510858601e-15 -0.7071067811865471
vn -0.7071067811865478 -1.2371056560108916e-15 0.7071067811865474
vn 0.12278780396897378 0.984807753012208 0.12278780396897378
vn -0.12278780396897233 -0.9848077530122082 -0.12278780396897233
vn 0.696364240320019 -0.17364817766693091 0.6963642403200189
vn -0.6963642403200186 0.17364817766693044 -0.6963642403200192
vn 0.7071067811865474 -2.467162276944793e-16 -0.7071067811865477
vn -0.7071067811865476 0 0.7071067811865476
vn 0.12278780396897335 0.9848077530122081 0.12278780396897328
vn -0.12278780396897326 -0.9848077530122081 -0.12278780396897328
vn 0.6963642403200192 -0.17364817766693064 0.6963642403200188
vn -0.6963642403200191 0.17364817766693094 -0.6963642403200188
vn 0.7071067811865474 -6.661338147750938e-16 -0.7071067811865478
vn -0.7071067811865475 6.2803698347351e-16 0.7071067811865477
vn 6.280369834735095e-16 1 6.280369834735103e-16
vn -6.280369834735096e-16 -1 -6.280369834735104e-16
vn 0.7071067811865471 -6.280369834735097e-16 0.707106781186548
vn -0.7071067811865474 6.106226635438364e-16 -0.7071067811865478
vn 0.7071067811865475 -1.8503717077085946e-16 -0.7071067811865476
vn -0.7071067811865476 0 0.7071067811865476
vn 0.12278780396897308 0.984807753012208 0.12278780396897308
vn -0.12278780396897267 -0.9848077530122082 -0.1227878039689727
vn 0.6963642403200189 -0.17364817766693103 0.696364240320019
vn -0.6963642403200189 0.17364817766693091 -0.6963642403200189
vn 0.7071067811865476 -1.3877787807814454e-16 -0.7071067811865476
vn -0.7071067811865478 5.55111512312578e-17 0.7071067811865474
vn 0.1227878039689739 0.9848077530122079 0.1227878039689739
vn -0.12278780396897353 -0.9848077530122079 -0.12278780396897361
vn 0.6963642403200189 -0.17364817766693094 0.6963642403200189
vn -0.6963642403200186 0.1736481776669309 -0.6963642403200191
vn 0.7071067811865476 0 -0.7071067811865476
vn -0.7071067811865481 4.194175870806152e-16 0.707106781186547
vn 0.12278780396897501 0.9848077530122077 0.12278780396897523
vn -0.1227878039689719 -0.9848077530122085 -0.12278780396897192
vn 0.6963642403200182 -0.17364817766693103 0.6963642403200195
vn -0.696364240320019 0.17364817766693064 -0.696364240320019
vn 0.7071067811865476 -1.4802973661668756e-16 -0.7071067811865476
vn -0.7071067811865476 0 0.7071067811865476
vn 0.12278780396897356 0.984807753012208 0.12278780396897343
vn -0.12278780396897346 -0.984807753012208 -0.12278780396897346
vn 0.6963642403200192 -0.1736481776669308 0.6963642403200186
vn -0.6963642403200192 0.17364817766693097 -0.6963642403200186
vn 0.7071067811865475 3.7007434154171796e-17 -0.7071067811865476
vn -0.7071067811865478 0 0.7071067811865472
vn -0.696364240320019 0.17364817766693055 -0.696364240320019
vn 0.6963642403200186 -0.17364817766693091 0.6963642403200192
vn 0.12278780396897393 0.9848077530122078 0.12278780396897393
vn -0.12278780396897267 -0.9848077530122082 -0.12278780396897267
vn -4.998199964450368e-16 8.81317508708685e-17 -1
vn 4.998199964450369e-16 -8.813175087086851e-17 1
vn 0.1736481776669296 0.9848077530122082 -8.813175087086867e-17
vn -0.17364817766693158 -0.984807753012208 7.250436079184699e-17
vn 0.9848077530122082 -0.1736481776669293 -4.996003610813185e-16
vn -0.9848077530122081 0.17364817766693053 4.99819996445037e-16
vn -4.373424968894071e-16 7.711528201201045e-17 -1
vn 4.37342496889407e-16 -7.711528201201044e-17 1
vn 0.17364817766693094 0.984807753012208 -7.711528201201069e-17
vn -0.17364817766693103 -0.984807753012208 8.32667268468868e-17
vn 0.984807753012208 -0.1736481776669305 -4.440892098500629e-16
vn -0.9848077530122082 0.17364817766693014 4.373424968894074e-16
vn -4.440892098500628e-16 0 -1
vn 4.440892098500627e-16 0 1
vn 0 1 0
vn 0 -1 0
vn 1 0 -8.881784197001252e-16
vn -1 0 4.440892098500626e-16
vn 0 0 -1
vn 5.831233291858763e-16 -1.0282037601601372e-16 1
vn 0.17364817766693014 0.9848077530122082 0
vn -0.17364817766693014 -0.9848077530122082 9.86864910777918e-17
vn 0.984807753012208 -0.1736481776669305 0
vn -0.984807753012208 0.1736481776669305 0
vn 0 0 -1
vn 8.746849937788143e-16 -1.5423056402402054e-16 1
vn 0.17364817766693008 0.9848077530122081 0
vn -0.17364817766693022 -0.9848077530122081 1.3877787807814481e-16
vn 0.9848077530122081 -0.17364817766693053 0
vn -0.9848077530122081 0.17364817766693008 0
vn 0 0 -1
vn 1.1662466583717528e-15 -2.0564075203202783e-16 1
vn 0.173648177666929 0.9848077530122085 0
vn -0.1736481776669313 -0.984807753012208 0
vn 0.9848077530122081 -0.1736481776669304 0
vn -0.984807753012208 0.1736481776669305 0
vn 0 0 -1
vn 0 0 1
vn 0.1736481776669313 0.984807753012208 0
vn -0.1736481776669291 -0.9848077530122085 2.2204460492503155e-16
vn 0.9848077530122081 -0.17364817766693066 0
vn -0.9848077530122081 0.17364817766693033 0
vn -4.373424968894072e-16 7.711528201200978e-17 -1
vn 4.373424968894072e-16 -7.711528201200978e-17 1
vn -0.9848077530122085 0.173648177666929 0
vn 0.9848077530122081 -0.1736481776669309 0
vn 0.17364817766693008 0.9848077530122081 0
vn -0.1736481776669311 -0.984807753012208 0
vn -0.7071067811865478 0 -0.7071067811865474
vn 0.7071067811865474 -1.2371056560108833e-15 0.7071067811865478
vn 0.12278780396897224 0.9848077530122082 -0.12278780396897232
vn -0.12278780396897375 -0.984807753012208 0.12278780396897375
vn 0.696364240320019 -0.1736481776669285 -0.6963642403200194
vn -0.6963642403200189 0.1736481776669272 0.6963642403200199
vn -0.7071067811865476 2.467162276944793e-16 -0.7071067811865476
vn 0.7071067811865476 2.8372366184865114e-16 0.7071067811865476
vn 0.12278780396897324 0.984807753012208 -0.12278780396897332
vn -0.12278780396897332 -0.9848077530122081 0.12278780396897325
vn 0.6963642403200189 -0.1736481776669301 -0.6963642403200192
vn -0.6963642403200189 0.1736481776669301 0.6963642403200192
vn -0.7071067811865478 0 -0.7071067811865474
vn 0.7071067811865475 0 0.7071067811865477
vn 0 1 0
vn 0 -1 0
vn 0.7071067811865476 0 -0.7071067811865476
vn -0.7071067811865474 0 0.7071067811865478
vn -0.7071067811865482 -4.81096644004234e-16 -0.7071067811865469
vn 0.7071067811865471 -2.312964634635742e-16 0.7071067811865479
vn 0.12278780396897264 0.9848077530122082 -0.12278780396897254
vn -0.12278780396897261 -0.9848077530122082 0.12278780396897283
vn 0.6963642403200192 -0.17364817766693105 -0.6963642403200186
vn -0.696364240320019 0.1736481776669301 0.696364240320019
vn -0.7071067811865476 0 -0.7071067811865476
vn 0.7071067811865476 0 0.7071067811865476
vn 0.12278780396897274 0.9848077530122081 -0.12278780396897258
vn -0.12278780396897275 -0.9848077530122081 0.12278780396897257
vn 0.6963642403200194 -0.17364817766693044 -0.6963642403200185
vn -0.6963642403200194 0.17364817766693047 0.6963642403200185
vn -0.7071067811865482 -1.315819881037221e-16 -0.707106781186547
vn 0.707106781186547 -1.3158198810372235e-16 0.7071067811865481
vn 0.12278780396897188 0.9848077530122085 -0.12278780396897168
vn -0.12278780396897328 -0.984807753012208 0.1227878039689735
vn 0.6963642403200195 -0.17364817766693053 -0.6963642403200184
vn -0.6963642403200183 0.17364817766693064 0.6963642403200195
vn -0.7071067811865476 0 -0.7071067811865476
vn 0.7071067811865476 0 0.7071067811865476
vn 0.1227878039689735 0.984807753012208 -0.1227878039689735
vn -0.12278780396897188 -0.9848077530122085 0.12278780396897185
vn 0.696364240320019 -0.17364817766693053 -0.696364240320019
vn -0.696364240320019 0.17364817766693036 0.696364240320019
vn -0.7071067811865476 3.700743415417189e-17 -0.7071067811865475
vn 0.7071067811865478 0 0.7071067811865474
vn -0.6963642403200192 0.17364817766693094 0.6963642403200186
vn 0.6963642403200195 -0.1736481776669305 -0.6963642403200183
vn 0.12278780396897272 0.9848077530122081 -0.12278780396897265
vn -0.12278780396897335 -0.984807753012208 0.12278780396897325
vn -1 0 0
vn 1 0 0
vn 0 1 0
vn 0 -1 0
vn 0 0 -1
vn 0 0 1
vn 1 0 0
vn -1 0 0
vn 0 1 0
vn 0 -1 0
vn 0 0 -1
vn 0 0 1
vn 1 0 0
vn -1 0 0
vn 0 1 0
vn 0 -1 0
vn 0 0 -1
vn 0 0 1
vn -1 0 0
vn 1 0 0
vn 0 1 0
vn 0 -1 0
vn 0 0 -1
vn 0 0 1
vn -1 0 0
vn 1 0 0
vn 0 1 0
vn 0 -1 0
vn 0 0 -1
vn 0 0 1
vn -1 0 0
vn 1 0 0
vn 0 1 0
vn 0 -1 0
vn 0 0 -1
vn 0 0 1
usemtl m_f67ebc23-bde5-5e94-e4a5-44e91ca3979e
f 2/1/1 1/2/1 3/3/1 4/4/1
f 7/5/2 5/6/2 6/7/2 8/8/2
usemtl m_16c3301f-f82c-dbfc-e829-c58acd508acc
f 5/9/3 1/10/3 2/11/3 6/12/3
f 4/13/4 3/14/4 7/15/4 8/16/4
f 3/17/5 1/18/5 5/19/5 7/20/5
usemtl m_f67ebc23-bde5-5e94-e4a5-44e91ca3979e
f 6/21/6 2/22/6 4/23/6 8/24/6
f 11/25/7 9/26/7 10/27/7 12/28/7
f 14/29/8 13/30/8 15/31/8 16/32/8
f 10/33/9 9/34/9 13/35/9 14/36/9
f 15/37/10 11/38/10 12/39/10 16/40/10
f 13/41/11 9/42/11 11/43/11 15/44/11
f 12/45/12 10/46/12 14/47/12 16/48/12
usemtl m_16c3301f-f82c-dbfc-e829-c58acd508acc
f 18/49/13 17/50/13 19/51/13 20/52/13
f 23/53/14 21/54/14 22/55/14 24/56/14
f 21/57/15 17/58/15 18/59/15 22/60/15
usemtl m_f67ebc23-bde5-5e94-e4a5-44e91ca3979e
f 20/61/16 19/62/16 23/63/16 24/64/16
usemtl m_16c3301f-f82c-dbfc-e829-c58acd508acc
f 19/65/17 17/66/17 21/67/17 23/68/17
usemtl m_f67ebc23-bde5-5e94-e4a5-44e91ca3979e
f 22/69/18 18/70/18 20/71/18 24/72/18
f 27/73/19 25/74/19 26/75/19 28/76/19
f 30/77/20 29/78/20 31/79/20 32/80/20
f 26/81/21 25/82/21 29/83/21 30/84/21
f 31/85/22 27/86/22 28/87/22 32/88/22
f 29/89/23 25/90/23 27/91/23 31/92/23
f 28/93/24 26/94/24 30/95/24 32/96/24
f 34/97/25 33/98/25 35/99/25 36/100/25
f 39/101/26 37/102/26 38/103/26 40/104/26
f 37/105/27 33/106/27 34/107/27 38/108/27
f 36/109/28 35/110/28 39/111/28 40/112/28
f 35/113/29 33/114/29 37/115/29 39/116/29
f 38/117/30 34/118/30 36/119/30 40/120/30
f 43/121/31 41/122/31 42/123/31 44/124/31
f 46/125/32 45/126/32 47/127/32 48/128/32
f 42/129/33 41/130/33 45/131/33 46/132/33
f 47/133/34 43/134/34 44/135/34 48/136/34
f 45/137/35 41/138/35 43/139/35 47/140/35
f 44/141/36 42/142/36 46/143/36 48/144/36
f 50/145/37 49/146/37 51/147/37 52/148/37
f 55/149/38 53/150/38 54/151/38 56/152/38
f 53/153/39 49/154/39 50/155/39 54/156/39
f 52/157/40 51/158/40 55/159/40 56/160/40
f 51/161/41 49/162/41 53/163/41 55/164/41
f 54/165/42 50/166/42 52/167/42 56/168/42
f 59/169/43 57/170/43 58/171/43 60/172/43
f 62/173/44 61/174/44 63/175/44 64/176/44
f 58/177/45 57/178/45 61/179/45 62/180/45
f 63/181/46 59/182/46 60/183/46 64/184/46
f 61/185/47 57/186/47 59/187/47 63/188/47
f 60/189/48 58/190/48 62/191/48 64/192/48
f 66/193/49 65/194/49 67/195/49 68/196/49
f 71/197/50 69/198/50 70/199/50 72/200/50
f 69/201/51 65/202/51 66/203/51 70/204/51
f 68/205/52 67/206/52 71/207/52 72/208/52
f 67/209/53 65/210/53 69/211/53 71/212/53
f 70/213/54 66/214/54 68/215/54 72/216/54
f 75/217/55 73/218/55 74/219/55 76/220/55
f 78/221/56 77/222/56 79/223/56 80/224/56
f 74/225/57 73/226/57 77/227/57 78/228/57
f 79/229/58 75/230/58 76/231/58 80/232/58
f 77/233/59 73/234/59 75/235/59 79/236/59
f 76/237/60 74/238/60 78/239/60 80/240/60
usemtl m_16c3301f-f82c-dbfc-e829-c58acd508acc
f 83/241/61 81/242/61 82/243/61 84/244/61
f 86/245/62 85/246/62 87/247/62 88/248/62
f 82/249/63 81/250/63 85/251/63 86/252/63
f 87/253/64 83/254/64 84/255/64 88/256/64
f 85/257/65 81/258/65 83/259/65 87/260/65
f 84/261/66 82/262/66 86/263/66 88/264/66
f 91/265/67 89/266/67 90/267/67 92/268/67
f 94/269/68 93/270/68 95/271/68 96/272/68
f 90/273/69 89/274/69 93/275/69 94/276/69
f 95/277/70 91/278/70 92/279/70 96/280/70
f 93/281/71 89/282/71 91/283/71 95/284/71
f 92/285/72 90/286/72 94/287/72 96/288/72
f 99/289/73 97/290/73 98/291/73 100/292/73
f 102/293/74 101/294/74 103/295/74 104/296/74
f 98/297/75 97/298/75 101/299/75 102/300/75
f 103/301/76 99/302/76 100/303/76 104/304/76
f 101/305/77 97/306/77 99/307/77 103/308/77
f 100/309/78 98/310/78 102/311/78 104/312/78
f 107/313/79 105/314/79 106/315/79 108/316/79
f 110/317/80 109/318/80 111/319/80 112/320/80
f 106/321/81 105/322/81 109/323/81 110/324/81
f 111/325/82 107/326/82 108/327/82 112/328/82
f 109/329/83 105/330/83 107/331/83 111/332/83
f 108/333/84 106/334/84 110/335/84 112/336/84
f 115/337/85 113/338/85 114/339/85 116/340/85
f 118/341/86 117/342/86 119/343/86 120/344/86
f 114/345/87 113/346/87 117/347/87 118/348/87
f 119/349/88 115/350/88 116/351/88 120/352/88
f 117/353/89 113/354/89 115/355/89 119/356/89
f 116/357/90 114/358/90 118/359/90 120/360/90
usemtl m_cf11df08-da52-fc58-ac9a-c4f336801a73
f 123/361/91 121/362/91 122/363/91 124/364/91
f 126/365/92 125/366/92 127/367/92 128/368/92
f 122/369/93 121/370/93 125/371/93 126/372/93
f 127/373/94 123/374/94 124/375/94 128/376/94
f 125/377/95 121/378/95 123/379/95 127/380/95
f 124/381/96 122/382/96 126/383/96 128/384/96
usemtl m_f67ebc23-bde5-5e94-e4a5-44e91ca3979e
f 130/385/97 129/386/97 131/387/97 132/388/97
f 135/389/98 133/390/98 134/391/98 136/392/98
f 133/393/99 129/394/99 130/395/99 134/396/99
f 132/397/100 131/398/100 135/399/100 136/400/100
f 131/401/101 129/402/101 133/403/101 135/404/101
f 134/405/102 130/406/102 132/407/102 136/408/102
f 138/409/103 137/410/103 139/411/103 140/412/103
f 143/413/104 141/414/104 142/415/104 144/416/104
f 141/417/105 137/418/105 138/419/105 142/420/105
f 140/421/106 139/422/106 143/423/106 144/424/106
f 139/425/107 137/426/107 141/427/107 143/428/107
f 142/429/108 138/430/108 140/431/108 144/432/108
f 146/433/109 145/434/109 147/435/109 148/436/109
f 151/437/110 149/438/110 150/439/110 152/440/110
f 149/441/111 145/442/111 146/443/111 150/444/111
f 148/445/112 147/446/112 151/447/112 152/448/112
f 147/449/113 145/450/113 149/451/113 151/452/113
f 150/453/114 146/454/114 148/455/114 152/456/114
f 154/457/115 153/458/115 155/459/115 156/460/115
f 159/461/116 157/462/116 158/463/116 160/464/116
f 157/465/117 153/466/117 154/467/117 158/468/117
f 156/469/118 155/470/118 159/471/118 160/472/118
f 155/473/119 153/474/119 157/475/119 159/476/119
f 158/477/120 154/478/120 156/479/120 160/480/120
f 162/481/121 161/482/121 163/483/121 164/484/121
f 167/485/122 165/486/122 166/487/122 168/488/122
f 165/489/123 161/490/123 162/491/123 166/492/123
f 164/493/124 163/494/124 167/495/124 168/496/124
f 163/497/125 161/498/125 165/499/125 167/500/125
f 166/501/126 162/502/126 164/503/126 168/504/126
f 170/505/127 169/506/127 171/507/127 172/508/127
f 175/509/128 173/510/128 174/511/128 176/512/128
f 173/513/129 169/514/129 170/515/129 174/516/129
f 172/517/130 171/518/130 175/519/130 176/520/130
f 171/521/131 169/522/131 173/523/131 175/524/131
f 174/525/132 170/526/132 172/527/132 176/528/132
f 178/529/133 177/530/133 179/531/133 180/532/133
f 183/533/134 181/534/134 182/535/134 184/536/134
f 181/537/135 177/538/135 178/539/135 182/540/135
f 180/541/136 179/542/136 183/543/136 184/544/136
f 179/545/137 177/546/137 181/547/137 183/548/137
f 182/549/138 178/550/138 180/551/138 184/552/138
f 186/553/139 185/554/139 187/555/139 188/556/139
f 191/557/140 189/558/140 190/559/140 192/560/140
f 189/561/141 185/562/141 186/563/141 190/564/141
f 188/565/142 187/566/142 191/567/142 192/568/142
f 187/569/143 185/570/143 189/571/143 191/572/143
f 190/573/144 186/574/144 188/575/144 192/576/144
f 194/577/145 193/578/145 195/579/145 196/580/145
f 199/581/146 197/582/146 198/583/146 200/584/146
f 197/585/147 193/586/147 194/587/147 198/588/147
f 196/589/148 195/590/148 199/591/148 200/592/148
f 195/593/149 193/594/149 197/595/149 199/596/149
f 198/597/150 194/598/150 196/599/150 200/600/150
f 202/601/151 201/602/151 203/603/151 204/604/151
f 207/605/152 205/606/152 206/607/152 208/608/152
f 205/609/153 201/610/153 202/611/153 206/612/153
f 204/613/154 203/614/154 207/615/154 208/616/154
f 203/617/155 201/618/155 205/619/155 207/620/155
f 206/621/156 202/622/156 204/623/156 208/624/156
f 210/625/157 209/626/157 211/627/157 212/628/157
f 215/629/158 213/630/158 214/631/158 216/632/158
f 213/633/159 209/634/159 210/635/159 214/636/159
f 212/637/160 211/638/160 215/639/160 216/640/160
f 211/641/161 209/642/161 213/643/161 215/644/161
f 214/645/162 210/646/162 212/647/162 216/648/162
f 218/649/163 217/650/163 219/651/163 220/652/163
f 223/653/164 221/654/164 222/655/164 224/656/164
f 221/657/165 217/658/165 218/659/165 222/660/165
f 220/661/166 219/662/166 223/663/166 224/664/166
f 219/665/167 217/666/167 221/667/167 223/668/167
f 222/669/168 218/670/168 220/671/168 224/672/168
f 226/673/169 225/674/169 227/675/169 228/676/169
f 231/677/170 229/678/170 230/679/170 232/680/170
f 229/681/171 225/682/171 226/683/171 230/684/171
f 228/685/172 227/686/172 231/687/172 232/688/172
f 227/689/173 225/690/173 229/691/173 231/692/173
f 230/693/174 226/694/174 228/695/174 232/696/174
f 234/697/175 233/698/175 235/699/175 236/700/175
f 239/701/176 237/702/176 238/703/176 240/704/176
f 237/705/177 233/706/177 234/707/177 238/708/177
f 236/709/178 235/710/178 239/711/178 240/712/178
f 235/713/179 233/714/179 237/715/179 239/716/179
f 238/717/180 234/718/180 236/719/180 240/720/180
f 242/721/181 241/722/181 243/723/181 244/724/181
f 247/725/182 245/726/182 246/727/182 248/728/182
f 245/729/183 241/730/183 242/731/183 246/732/183
f 244/733/184 243/734/184 247/735/184 248/736/184
f 243/737/185 241/738/185 245/739/185 247/740/185
f 246/741/186 242/742/186 244/743/186 248/744/186
f 250/745/187 249/746/187 251/747/187 252/748/187
f 255/749/188 253/750/188 254/751/188 256/752/188
f 253/753/189 249/754/189 250/755/189 254/756/189
f 252/757/190 251/758/190 255/759/190 256/760/190
f 251/761/191 249/762/191 253/763/191 255/764/191
f 254/765/192 250/766/192 252/767/192 256/768/192
f 258/769/193 257/770/193 259/771/193 260/772/193
f 263/773/194 261/774/194 262/775/194 264/776/194
f 261/777/195 257/778/195 258/779/195 262/780/195
f 260/781/196 259/782/196 263/783/196 264/784/196
f 259/785/197 257/786/197 261/787/197 263/788/197
f 262/789/198 258/790/198 260/791/198 264/792/198
f 266/793/199 265/794/199 267/795/199 268/796/199
f 271/797/200 269/798/200 270/799/200 272/800/200
f 269/801/201 265/802/201 266/803/201 270/804/201
f 268/805/202 267/806/202 271/807/202 272/808/202
f 267/809/203 265/810/203 269/811/203 271/812/203
f 270/813/204 266/814/204 268/815/204 272/816/204
f 274/817/205 273/818/205 275/819/205 276/820/205
f 279/821/206 277/822/206 278/823/206 280/824/206
f 277/825/207 273/826/207 274/827/207 278/828/207
f 276/829/208 275/830/208 279/831/208 280/832/208
f 275/833/209 273/834/209 277/835/209 279/836/209
f 278/837/210 274/838/210 276/839/210 280/840/210
f 282/841/211 281/842/211 283/843/211 284/844/211
f 287/845/212 285/846/212 286/847/212 288/848/212
f 285/849/213 281/850/213 282/851/213 286/852/213
f 284/853/214 283/854/214 287/855/214 288/856/214
f 283/857/215 281/858/215 285/859/215 287/860/215
f 286/861/216 282/862/216 284/863/216 288/864/216
f 290/865/217 289/866/217 291/867/217 292/868/217
f 295/869/218 293/870/218 294/871/218 296/872/218
f 293/873/219 289/874/219 290/875/219 294/876/219
f 292/877/220 291/878/220 295/879/220 296/880/220
f 291/881/221 289/882/221 293/883/221 295/884/221
f 294/885/222 290/886/222 292/887/222 296/888/222
f 298/889/223 297/890/223 299/891/223 300/892/223
f 303/893/224 301/894/224 302/895/224 304/896/224
f 301/897/225 297/898/225 298/899/225 302/900/225
f 300/901/226 299/902/226 303/903/226 304/904/226
f 299/905/227 297/906/227 301/907/227 303/908/227
f 302/909/228 298/910/228 300/911/228 304/912/228
f 306/913/229 305/914/229 307/915/229 308/916/229
f 311/917/230 309/918/230 310/919/230 312/920/230
f 309/921/231 305/922/231 306/923/231 310/924/231
f 308/925/232 307/926/232 311/927/232 312/928/232
f 307/929/233 305/930/233 309/931/233 311/932/233
f 310/933/234 306/934/234 308/935/234 312/936/234
f 314/937/235 313/938/235 315/939/235 316/940/235
f 319/941/236 317/942/236 318/943/236 320/944/236
f 317/945/237 313/946/237 314/947/237 318/948/237
f 316/949/238 315/950/238 319/951/238 320/952/238
f 315/953/239 313/954/239 317/955/239 319/956/239
f 318/957/240 314/958/240 316/959/240 320/960/240
f 322/961/241 321/962/241 323/963/241 324/964/241
f 327/965/242 325/966/242 326/967/242 328/968/242
f 325/969/243 321/970/243 322/971/243 326/972/243
f 324/973/244 323/974/244 327/975/244 328/976/244
f 323/977/245 321/978/245 325/979/245 327/980/245
f 326/981/246 322/982/246 324/983/246 328/984/246
f 330/985/247 329/986/247 331/987/247 332/988/247
f 335/989/248 333/990/248 334/991/248 336/992/248
f 333/993/249 329/994/249 330/995/249 334/996/249
f 332/997/250 331/998/250 335/999/250 336/1000/250
f 331/1001/251 329/1002/251 333/1003/251 335/1004/251
f 334/1005/252 330/1006/252 332/1007/252 336/1008/252
f 338/1009/253 337/1010/253 339/1011/253 340/1012/253
f 343/1013/254 341/1014/254 342/1015/254 344/1016/254
f 341/1017/255 337/1018/255 338/1019/255 342/1020/255
f 340/1021/256 339/1022/256 343/1023/256 344/1024/256
f 339/1025/257 337/1026/257 341/1027/257 343/1028/257
f 342/1029/258 338/1030/258 340/1031/258 344/1032/258
f 346/1033/259 345/1034/259 347/1035/259 348/1036/259
f 351/1037/260 349/1038/260 350/1039/260 352/1040/260
f 349/1041/261 345/1042/261 346/1043/261 350/1044/261
f 348/1045/262 347/1046/262 351/1047/262 352/1048/262
f 347/1049/263 345/1050/263 349/1051/263 351/1052/263
f 350/1053/264 346/1054/264 348/1055/264 352/1056/264
f 354/1057/265 353/1058/265 355/1059/265 356/1060/265
f 359/1061/266 357/1062/266 358/1063/266 360/1064/266
f 357/1065/267 353/1066/267 354/1067/267 358/1068/267
f 356/1069/268 355/1070/268 359/1071/268 360/1072/268
f 355/1073/269 353/1074/269 357/1075/269 359/1076/269
f 358/1077/270 354/1078/270 356/1079/270 360/1080/270
f 362/1081/271 361/1082/271 363/1083/271 364/1084/271
f 367/1085/272 365/1086/272 366/1087/272 368/1088/272
f 365/1089/273 361/1090/273 362/1091/273 366/1092/273
f 364/1093/274 363/1094/274 367/1095/274 368/1096/274
f 363/1097/275 361/1098/275 365/1099/275 367/1100/275
f 366/1101/276 362/1102/276 364/1103/276 368/1104/276
f 370/1105/277 369/1106/277 371/1107/277 372/1108/277
f 375/1109/278 373/1110/278 374/1111/278 376/1112/278
f 373/1113/279 369/1114/279 370/1115/279 374/1116/279
f 372/1117/280 371/1118/280 375/1119/280 376/1120/280
f 371/1121/281 369/1122/281 373/1123/281 375/1124/281
f 374/1125/282 370/1126/282 372/1127/282 376/1128/282
f 378/1129/283 377/1130/283 379/1131/283 380/1132/283
f 383/1133/284 381/1134/284 382/1135/284 384/1136/284
f 381/1137/285 377/1138/285 378/1139/285 382/1140/285
f 380/1141/286 379/1142/286 383/1143/286 384/1144/286
f 379/1145/287 377/1146/287 381/1147/287 383/1148/287
f 382/1149/288 378/1150/288 380/1151/288 384/1152/288
f 386/1153/289 385/1154/289 387/1155/289 388/1156/289
f 391/1157/290 389/1158/290 390/1159/290 392/1160/290
f 389/1161/291 385/1162/291 386/1163/291 390/1164/291
f 388/1165/292 387/1166/292 391/1167/292 392/1168/292
f 387/1169/293 385/1170/293 389/1171/293 391/1172/293
f 390/1173/294 386/1174/294 388/1175/294 392/1176/294
f 394/1177/295 393/1178/295 395/1179/295 396/1180/295
f 399/1181/296 397/1182/296 398/1183/296 400/1184/296
f 397/1185/297 393/1186/297 394/1187/297 398/1188/297
f 396/1189/298 395/1190/298 399/1191/298 400/1192/298
f 395/1193/299 393/1194/299 397/1195/299 399/1196/299
f 398/1197/300 394/1198/300 396/1199/300 400/1200/300
f 402/1201/301 401/1202/301 403/1203/301 404/1204/301
f 407/1205/302 405/1206/302 406/1207/302 408/1208/302
f 405/1209/303 401/1210/303 402/1211/303 406/1212/303
f 404/1213/304 403/1214/304 407/1215/304 408/1216/304
f 403/1217/305 401/1218/305 405/1219/305 407/1220/305
f 406/1221/306 402/1222/306 404/1223/306 408/1224/306
f 410/1225/307 409/1226/307 411/1227/307 412/1228/307
f 415/1229/308 413/1230/308 414/1231/308 416/1232/308
f 413/1233/309 409/1234/309 410/1235/309 414/1236/309
f 412/1237/310 411/1238/310 415/1239/310 416/1240/310
f 411/1241/311 409/1242/311 413/1243/311 415/1244/311
f 414/1245/312 410/1246/312 412/1247/312 416/1248/312
f 418/1249/313 417/1250/313 419/1251/313 420/1252/313
f 423/1253/314 421/1254/314 422/1255/314 424/1256/314
f 421/1257/315 417/1258/315 418/1259/315 422/1260/315
f 420/1261/316 419/1262/316 423/1263/316 424/1264/316
f 419/1265/317 417/1266/317 421/1267/317 423/1268/317
f 422/1269/318 418/1270/318 420/1271/318 424/1272/318
f 426/1273/319 425/1274/319 427/1275/319 428/1276/319
f 431/1277/320 429/1278/320 430/1279/320 432/1280/320
f 429/1281/321 425/1282/321 426/1283/321 430/1284/321
f 428/1285/322 427/1286/322 431/1287/322 432/1288/322
f 427/1289/323 425/1290/323 429/1291/323 431/1292/323
f 430/1293/324 426/1294/324 428/1295/324 432/1296/324
f 434/1297/325 433/1298/325 435/1299/325 436/1300/325
f 439/1301/326 437/1302/326 438/1303/326 440/1304/326
f 437/1305/327 433/1306/327 434/1307/327 438/1308/327
f 436/1309/328 435/1310/328 439/1311/328 440/1312/328
f 435/1313/329 433/1314/329 437/1315/329 439/1316/329
f 438/1317/330 434/1318/330 436/1319/330 440/1320/330
f 442/1321/331 441/1322/331 443/1323/331 444/1324/331
f 447/1325/332 445/1326/332 446/1327/332 448/1328/332
f 445/1329/333 441/1330/333 442/1331/333 446/1332/333
f 444/1333/334 443/1334/334 447/1335/334 448/1336/334
f 443/1337/335 441/1338/335 445/1339/335 447/1340/335
f 446/1341/336 442/1342/336 444/1343/336 448/1344/336
f 450/1345/337 449/1346/337 451/1347/337 452/1348/337
f 455/1349/338 453/1350/338 454/1351/338 456/1352/338
f 453/1353/339 449/1354/339 450/1355/339 454/1356/339
f 452/1357/340 451/1358/340 455/1359/340 456/1360/340
f 451/1361/341 449/1362/341 453/1363/341 455/1364/341
f 454/1365/342 450/1366/342 452/1367/342 456/1368/342
f 458/1369/343 457/1370/343 459/1371/343 460/1372/343
f 463/1373/344 461/1374/344 462/1375/344 464/1376/344
f 461/1377/345 457/1378/345 458/1379/345 462/1380/345
f 460/1381/346 459/1382/346 463/1383/346 464/1384/346
f 459/1385/347 457/1386/347 461/1387/347 463/1388/347
f 462/1389/348 458/1390/348 460/1391/348 464/1392/348
f 466/1393/349 465/1394/349 467/1395/349 468/1396/349
f 471/1397/350 469/1398/350 470/1399/350 472/1400/350
f 469/1401/351 465/1402/351 466/1403/351 470/1404/351
f 468/1405/352 467/1406/352 471/1407/352 472/1408/352
f 467/1409/353 465/1410/353 469/1411/353 471/1412/353
f 470/1413/354 466/1414/354 468/1415/354 472/1416/354
f 474/1417/355 473/1418/355 475/1419/355 476/1420/355
f 479/1421/356 477/1422/356 478/1423/356 480/1424/356
f 477/1425/357 473/1426/357 474/1427/357 478/1428/357
f 476/1429/358 475/1430/358 479/1431/358 480/1432/358
f 475/1433/359 473/1434/359 477/1435/359 479/1436/359
f 478/1437/360 474/1438/360 476/1439/360 480/1440/360
f 482/1441/361 481/1442/361 483/1443/361 484/1444/361
f 487/1445/362 485/1446/362 486/1447/362 488/1448/362
f 485/1449/363 481/1450/363 482/1451/363 486/1452/363
f 484/1453/364 483/1454/364 487/1455/364 488/1456/364
f 483/1457/365 481/1458/365 485/1459/365 487/1460/365
f 486/1461/366 482/1462/366 484/1463/366 488/1464/366
f 490/1465/367 489/1466/367 491/1467/367 492/1468/367
f 495/1469/368 493/1470/368 494/1471/368 496/1472/368
f 493/1473/369 489/1474/369 490/1475/369 494/1476/369
f 492/1477/370 491/1478/370 495/1479/370 496/1480/370
f 491/1481/371 489/1482/371 493/1483/371 495/1484/371
f 494/1485/372 490/1486/372 492/1487/372 496/1488/372
f 498/1489/373 497/1490/373 499/1491/373 500/1492/373
f 503/1493/374 501/1494/374 502/1495/374 504/1496/374
f 501/1497/375 497/1498/375 498/1499/375 502/1500/375
f 500/1501/376 499/1502/376 503/1503/376 504/1504/376
f 499/1505/377 497/1506/377 501/1507/377 503/1508/377
f 502/1509/378 498/1510/378 500/1511/378 504/1512/378
f 506/1513/379 505/1514/379 507/1515/379 508/1516/379
f 511/1517/380 509/1518/380 510/1519/380 512/1520/380
f 509/1521/381 505/1522/381 506/1523/381 510/1524/381
f 508/1525/382 507/1526/382 511/1527/382 512/1528/382
f 507/1529/383 505/1530/383 509/1531/383 511/1532/383
f 510/1533/384 506/1534/384 508/1535/384 512/1536/384
f 514/1537/385 513/1538/385 515/1539/385 516/1540/385
f 519/1541/386 517/1542/386 518/1543/386 520/1544/386
f 517/1545/387 513/1546/387 514/1547/387 518/1548/387
f 516/1549/388 515/1550/388 519/1551/388 520/1552/388
f 515/1553/389 513/1554/389 517/1555/389 519/1556/389
f 518/1557/390 514/1558/390 516/1559/390 520/1560/390
f 522/1561/391 521/1562/391 523/1563/391 524/1564/391
f 527/1565/392 525/1566/392 526/1567/392 528/1568/392
f 525/1569/393 521/1570/393 522/1571/393 526/1572/393
f 524/1573/394 523/1574/394 527/1575/394 528/1576/394
f 523/1577/395 521/1578/395 525/1579/395 527/1580/395
f 526/1581/396 522/1582/396 524/1583/396 528/1584/396
f 530/1585/397 529/1586/397 531/1587/397 532/1588/397
f 535/1589/398 533/1590/398 534/1591/398 536/1592/398
f 533/1593/399 529/1594/399 530/1595/399 534/1596/399
f 532/1597/400 531/1598/400 535/1599/400 536/1600/400
f 531/1601/401 529/1602/401 533/1603/401 535/1604/401
f 534/1605/402 530/1606/402 532/1607/402 536/1608/402
f 538/1609/403 537/1610/403 539/1611/403 540/1612/403
f 543/1613/404 541/1614/404 542/1615/404 544/1616/404
f 541/1617/405 537/1618/405 538/1619/405 542/1620/405
f 540/1621/406 539/1622/406 543/1623/406 544/1624/406
f 539/1625/407 537/1626/407 541/1627/407 543/1628/407
f 542/1629/408 538/1630/408 540/1631/408 544/1632/408
f 546/1633/409 545/1634/409 547/1635/409 548/1636/409
f 551/1637/410 549/1638/410 550/1639/410 552/1640/410
f 549/1641/411 545/1642/411 546/1643/411 550/1644/411
f 548/1645/412 547/1646/412 551/1647/412 552/1648/412
f 547/1649/413 545/1650/413 549/1651/413 551/1652/413
f 550/1653/414 546/1654/414 548/1655/414 552/1656/414
f 554/1657/415 553/1658/415 555/1659/415 556/1660/415
f 559/1661/416 557/1662/416 558/1663/416 560/1664/416
f 557/1665/417 553/1666/417 554/1667/417 558/1668/417
f 556/1669/418 555/1670/418 559/1671/418 560/1672/418
f 555/1673/419 553/1674/419 557/1675/419 559/1676/419
f 558/1677/420 554/1678/420 556/1679/420 560/1680/420
f 562/1681/421 561/1682/421 563/1683/421 564/1684/421
f 567/1685/422 565/1686/422 566/1687/422 568/1688/422
f 565/1689/423 561/1690/423 562/1691/423 566/1692/423
f 564/1693/424 563/1694/424 567/1695/424 568/1696/424
f 563/1697/425 561/1698/425 565/1699/425 567/1700/425
f 566/1701/426 562/1702/426 564/1703/426 568/1704/426
f 570/1705/427 569/1706/427 571/1707/427 572/1708/427
f 575/1709/428 573/1710/428 574/1711/428 576/1712/428
f 573/1713/429 569/1714/429 570/1715/429 574/1716/429
f 572/1717/430 571/1718/430 575/1719/430 576/1720/430
f 571/1721/431 569/1722/431 573/1723/431 575/1724/431
f 574/1725/432 570/1726/432 572/1727/432 576/1728/432
f 578/1729/433 577/1730/433 579/1731/433 580/1732/433
f 583/1733/434 581/1734/434 582/1735/434 584/1736/434
f 581/1737/435 577/1738/435 578/1739/435 582/1740/435
f 580/1741/436 579/1742/436 583/1743/436 584/1744/436
f 579/1745/437 577/1746/437 581/1747/437 583/1748/437
f 582/1749/438 578/1750/438 580/1751/438 584/1752/438
f 586/1753/439 585/1754/439 587/1755/439 588/1756/439
f 591/1757/440 589/1758/440 590/1759/440 592/1760/440
f 589/1761/441 585/1762/441 586/1763/441 590/1764/441
f 588/1765/442 587/1766/442 591/1767/442 592/1768/442
f 587/1769/443 585/1770/443 589/1771/443 591/1772/443
f 590/1773/444 586/1774/444 588/1775/444 592/1776/444
f 594/1777/445 593/1778/445 595/1779/445 596/1780/445
f 599/1781/446 597/1782/446 598/1783/446 600/1784/446
f 597/1785/447 593/1786/447 594/1787/447 598/1788/447
f 596/1789/448 595/1790/448 599/1791/448 600/1792/448
f 595/1793/449 593/1794/449 597/1795/449 599/1796/449
f 598/1797/450 594/1798/450 596/1799/450 600/1800/450
f 602/1801/451 601/1802/451 603/1803/451 604/1804/451
f 607/1805/452 605/1806/452 606/1807/452 608/1808/452
f 605/1809/453 601/1810/453 602/1811/453 606/1812/453
f 604/1813/454 603/1814/454 607/1815/454 608/1816/454
f 603/1817/455 601/1818/455 605/1819/455 607/1820/455
f 606/1821/456 602/1822/456 604/1823/456 608/1824/456
f 610/1825/457 609/1826/457 611/1827/457 612/1828/457
f 615/1829/458 613/1830/458 614/1831/458 616/1832/458
f 613/1833/459 609/1834/459 610/1835/459 614/1836/459
f 612/1837/460 611/1838/460 615/1839/460 616/1840/460
f 611/1841/461 609/1842/461 613/1843/461 615/1844/461
f 614/1845/462 610/1846/462 612/1847/462 616/1848/462
f 618/1849/463 617/1850/463 619/1851/463 620/1852/463
f 623/1853/464 621/1854/464 622/1855/464 624/1856/464
f 621/1857/465 617/1858/465 618/1859/465 622/1860/465
f 620/1861/466 619/1862/466 623/1863/466 624/1864/466
f 619/1865/467 617/1866/467 621/1867/467 623/1868/467
f 622/1869/468 618/1870/468 620/1871/468 624/1872/468
f 626/1873/469 625/1874/469 627/1875/469 628/1876/469
f 631/1877/470 629/1878/470 630/1879/470 632/1880/470
f 629/1881/471 625/1882/471 626/1883/471 630/1884/471
f 628/1885/472 627/1886/472 631/1887/472 632/1888/472
f 627/1889/473 625/1890/473 629/1891/473 631/1892/473
f 630/1893/474 626/1894/474 628/1895/474 632/1896/474
f 634/1897/475 633/1898/475 635/1899/475 636/1900/475
f 639/1901/476 637/1902/476 638/1903/476 640/1904/476
f 637/1905/477 633/1906/477 634/1907/477 638/1908/477
f 636/1909/478 635/1910/478 639/1911/478 640/1912/478
f 635/1913/479 633/1914/479 637/1915/479 639/1916/479
f 638/1917/480 634/1918/480 636/1919/480 640/1920/480
f 642/1921/481 641/1922/481 643/1923/481 644/1924/481
f 647/1925/482 645/1926/482 646/1927/482 648/1928/482
f 645/1929/483 641/1930/483 642/1931/483 646/1932/483
f 644/1933/484 643/1934/484 647/1935/484 648/1936/484
f 643/1937/485 641/1938/485 645/1939/485 647/1940/485
f 646/1941/486 642/1942/486 644/1943/486 648/1944/486
f 650/1945/487 649/1946/487 651/1947/487 652/1948/487
f 655/1949/488 653/1950/488 654/1951/488 656/1952/488
f 653/1953/489 649/1954/489 650/1955/489 654/1956/489
f 652/1957/490 651/1958/490 655/1959/490 656/1960/490
f 651/1961/491 649/1962/491 653/1963/491 655/1964/491
f 654/1965/492 650/1966/492 652/1967/492 656/1968/492
f 658/1969/493 657/1970/493 659/1971/493 660/1972/493
f 663/1973/494 661/1974/494 662/1975/494 664/1976/494
f 661/1977/495 657/1978/495 658/1979/495 662/1980/495
f 660/1981/496 659/1982/496 663/1983/496 664/1984/496
f 659/1985/497 657/1986/497 661/1987/497 663/1988/497
f 662/1989/498 658/1990/498 660/1991/498 664/1992/498
f 666/1993/499 665/1994/499 667/1995/499 668/1996/499
f 671/1997/500 669/1998/500 670/1999/500 672/2000/500
f 669/2001/501 665/2002/501 666/2003/501 670/2004/501
f 668/2005/502 667/2006/502 671/2007/502 672/2008/502
f 667/2009/503 665/2010/503 669/2011/503 671/2012/503
f 670/2013/504 666/2014/504 668/2015/504 672/2016/504
usemtl m_cf11df08-da52-fc58-ac9a-c4f336801a73
f 674/2017/505 673/2018/505 675/2019/505 676/2020/505
usemtl m_16c3301f-f82c-dbfc-e829-c58acd508acc
f 679/2021/506 677/2022/506 678/2023/506 680/2024/506
f 677/2025/507 673/2026/507 674/2027/507 678/2028/507
f 676/2029/508 675/2030/508 679/2031/508 680/2032/508
f 675/2033/509 673/2034/509 677/2035/509 679/2036/509
f 678/2037/510 674/2038/510 676/2039/510 680/2040/510
usemtl m_cf11df08-da52-fc58-ac9a-c4f336801a73
f 683/2041/511 681/2042/511 682/2043/511 684/2044/511
usemtl m_16c3301f-f82c-dbfc-e829-c58acd508acc
f 686/2045/512 685/2046/512 687/2047/512 688/2048/512
f 682/2049/513 681/2050/513 685/2051/513 686/2052/513
f 687/2053/514 683/2054/514 684/2055/514 688/2056/514
f 685/2057/515 681/2058/515 683/2059/515 687/2060/515
f 684/2061/516 682/2062/516 686/2063/516 688/2064/516
usemtl m_f67ebc23-bde5-5e94-e4a5-44e91ca3979e
f 691/2065/517 689/2066/517 690/2067/517 692/2068/517
f 694/2069/518 693/2070/518 695/2071/518 696/2072/518
f 690/2073/519 689/2074/519 693/2075/519 694/2076/519
usemtl m_cf11df08-da52-fc58-ac9a-c4f336801a73
f 695/2077/520 691/2078/520 692/2079/520 696/2080/520
usemtl m_f67ebc23-bde5-5e94-e4a5-44e91ca3979e
f 693/2081/521 689/2082/521 691/2083/521 695/2084/521
f 692/2085/522 690/2086/522 694/2087/522 696/2088/522
usemtl m_cf11df08-da52-fc58-ac9a-c4f336801a73
f 698/2089/523 697/2090/523 699/2091/523 700/2092/523
f 703/2093/524 701/2094/524 702/2095/524 704/2096/524
f 701/2097/525 697/2098/525 698/2099/525 702/2100/525
f 700/2101/526 699/2102/526 703/2103/526 704/2104/526
f 699/2105/527 697/2106/527 701/2107/527 703/2108/527
f 702/2109/528 698/2110/528 700/2111/528 704/2112/528
f 706/2113/529 705/2114/529 707/2115/529 708/2116/529
f 711/2117/530 709/2118/530 710/2119/530 712/2120/530
f 709/2121/531 705/2122/531 706/2123/531 710/2124/531
f 708/2125/532 707/2126/532 711/2127/532 712/2128/532
f 707/2129/533 705/2130/533 709/2131/533 711/2132/533
f 710/2133/534 706/2134/534 708/2135/534 712/2136/534
usemtl m_16c3301f-f82c-dbfc-e829-c58acd508acc
f 714/2137/535 713/2138/535 715/2139/535 716/2140/535
f 719/2141/536 717/2142/536 718/2143/536 720/2144/536
f 717/2145/537 713/2146/537 714/2147/537 718/2148/537
f 716/2149/538 715/2150/538 719/2151/538 720/2152/538
f 715/2153/539 713/2154/539 717/2155/539 719/2156/539
usemtl m_cf11df08-da52-fc58-ac9a-c4f336801a73
f 718/2157/540 714/2158/540 716/2159/540 720/2160/540