# Made in Blockbench 5.0.7
mtllib thickener.mtl

o mesh
v -2.792893241224613 3 -2.2071065382531945
v 1.5 4.875 1.5
v 1.5 4.875 -0.5
v 1.5 3.875 1.5
v 1.5 3.875 -0.5
v -0.5 4.875 1.5
v -0.5 4.875 -0.5
v -0.5 3.875 1.5
v -0.5 3.875 -0.5
v 1 7 1
v 1 7 0
v 1 6 1
v 1 6 0
v 0 7 1
v 0 7 0
v 0 6 1
v 0 6 0
v 1 8 1
v 1 8 0
v 1 7.5 1
v 1 7.5 0
v 0 8 1
v 0 8 0
v 0 7.5 1
v 0 7.5 0
v 0.75 7.5 0.75
v 0.75 7.5 0.25
v 0.75 7 0.75
v 0.75 7 0.25
v 0.25 7.5 0.75
v 0.25 7.5 0.25
v 0.25 7 0.75
v 0.25 7 0.25
v 1 5.75 1
v 1 5.75 0
v 1 4.75 1
v 1 4.75 0
v 0 5.75 1
v 0 5.75 0
v 0 4.75 1
v 0 4.75 0
v 1 4.75 1
v 1 4.75 0
v 1 3.75 1
v 1 3.75 0
v 0 4.75 1
v 0 4.75 0
v 0 3.75 1
v 0 3.75 0
v 0 6 1
v 0 6 0
v 0 5.75 1
v 0 5.75 0
v -1 6 1
v -1 6 0
v -1 5.75 1
v -1 5.75 0
v 0 6 0
v 0 6 -1
v 0 5.75 0
v 0 5.75 -1
v -1 6 0
v -1 6 -1
v -1 5.75 0
v -1 5.75 -1
v 1 6 0
v 1 6 -1
v 1 5.75 0
v 1 5.75 -1
v 0 6 0
v 0 6 -1
v 0 5.75 0
v 0 5.75 -1
v 1 6 2
v 1 6 1
v 1 5.75 2
v 1 5.75 1
v 0 6 2
v 0 6 1
v 0 5.75 2
v 0 5.75 1
v 0 6 2
v 0 6 1
v 0 5.75 2
v 0 5.75 1
v -1 6 2
v -1 6 1
v -1 5.75 2
v -1 5.75 1
v 2 6 1
v 2 6 0
v 2 5.75 1
v 2 5.75 0
v 1 6 1
v 1 6 0
v 1 5.75 1
v 1 5.75 0
v 2 6 0
v 2 6 -1
v 2 5.75 0
v 2 5.75 -1
v 1 6 0
v 1 6 -1
v 1 5.75 0
v 1 5.75 -1
v 2 6 2
v 2 6 1
v 2 5.75 2
v 2 5.75 1
v 1 6 2
v 1 6 1
v 1 5.75 2
v 1 5.75 1
v 4.5 1 -0.5
v 4.5 1 -1.5
v 4.5 0 -0.5
v 4.5 0 -1.5
v 3.5 1 -0.5
v 3.5 1 -1.5
v 3.5 0 -0.5
v 3.5 0 -1.5
v 4.5 2 -0.5
v 4.5 2 -1.5
v 4.5 1 -0.5
v 4.5 1 -1.5
v 3.5 2 -0.5
v 3.5 2 -1.5
v 3.5 1 -0.5
v 3.5 1 -1.5
v 4.5 3 -0.5
v 4.5 3 -1.5
v 4.5 2 -0.5
v 4.5 2 -1.5
v 3.5 2.5 -0.5
v 3.5 2.5 -1.5
v 3.5 2 -0.5
v 3.5 2 -1.5
v -2.5 2 -0.5
v -2.5 2 -1.5
v -2.5 1 -0.5
v -2.5 1 -1.5
v -3.5 2 -0.5
v -3.5 2 -1.5
v -3.5 1 -0.5
v -3.5 1 -1.5
v -2.5 2.5 -0.5
v -2.5 2.5 -1.5
v -2.5 2 -0.5
v -2.5 2 -1.5
v -3.5 3 -0.5
v -3.5 3 -1.5
v -3.5 2 -0.5
v -3.5 2 -1.5
v -2.5 1 -0.5
v -2.5 1 -1.5
v -2.5 0 -0.5
v -2.5 0 -1.5
v -3.5 1 -0.5
v -3.5 1 -1.5
v -3.5 0 -0.5
v -3.5 0 -1.5
v 4.5 2 2.5
v 4.5 2 1.5
v 4.5 1 2.5
v 4.5 1 1.5
v 3.5 2 2.5
v 3.5 2 1.5
v 3.5 1 2.5
v 3.5 1 1.5
v 4.5 3 2.5
v 4.5 3 1.5
v 4.5 2 2.5
v 4.5 2 1.5
v 3.5 2.5 2.5
v 3.5 2.5 1.5
v 3.5 2 2.5
v 3.5 2 1.5
v 4.5 1 2.5
v 4.5 1 1.5
v 4.5 0 2.5
v 4.5 0 1.5
v 3.5 1 2.5
v 3.5 1 1.5
v 3.5 0 2.5
v 3.5 0 1.5
v -2.5 2 2.5
v -2.5 2 1.5
v -2.5 1 2.5
v -2.5 1 1.5
v -3.5 2 2.5
v -3.5 2 1.5
v -3.5 1 2.5
v -3.5 1 1.5
v -2.5 2.5 2.5
v -2.5 2.5 1.5
v -2.5 2 2.5
v -2.5 2 1.5
v -3.5 3 2.5
v -3.5 3 1.5
v -3.5 2 2.5
v -3.5 2 1.5
v -2.5 1 2.5
v -2.5 1 1.5
v -2.5 0 2.5
v -2.5 0 1.5
v -3.5 1 2.5
v -3.5 1 1.5
v -3.5 0 2.5
v -3.5 0 1.5
v -2.5 0.5125000000000002 0.5
v -2.5 0.5125000000000002 -0.5
v -2.5 0.012500000000000178 0.5
v -2.5 0.012500000000000178 -0.5
v -3.5 0.5125000000000002 0.5
v -3.5 0.5125000000000002 -0.5
v -3.5 0.012500000000000178 0.5
v -3.5 0.012500000000000178 -0.5
v -2.5 0.5125000000000002 1.5
v -2.5 0.5125000000000002 0.5
v -2.5 0.012500000000000178 1.5
v -2.5 0.012500000000000178 0.5
v -3.5 0.5125000000000002 1.5
v -3.5 0.5125000000000002 0.5
v -3.5 0.012500000000000178 1.5
v -3.5 0.012500000000000178 0.5
v 3.5 0.5125000000000002 0.49999999999999967
v 3.5 0.5125000000000002 1.4999999999999996
v 3.5 0.012500000000000178 0.49999999999999967
v 3.5 0.012500000000000178 1.4999999999999996
v 4.5 0.5125000000000002 0.49999999999999956
v 4.5 0.5125000000000002 1.4999999999999996
v 4.5 0.012500000000000178 0.49999999999999956
v 4.5 0.012500000000000178 1.4999999999999996
v 3.5 0.5125000000000002 -0.5000000000000004
v 3.5 0.5125000000000002 0.4999999999999996
v 3.5 0.012500000000000178 -0.5000000000000004
v 3.5 0.012500000000000178 0.4999999999999996
v 4.5 0.5125000000000002 -0.5000000000000004
v 4.5 0.5125000000000002 0.4999999999999995
v 4.5 0.012500000000000178 -0.5000000000000004
v 4.5 0.012500000000000178 0.4999999999999995
v -2.1408153438530837 0.5125000000000002 -1.4449710059238856
v -1.4337085626665362 0.5125000000000002 -2.152077787110433
v -2.1408153438530837 0.012500000000000178 -1.4449710059238856
v -1.4337085626665362 0.012500000000000178 -2.152077787110433
v -2.847922125039631 0.5125000000000002 -2.152077787110433
v -2.1408153438530837 0.5125000000000002 -2.8591845682969805
v -2.847922125039631 0.012500000000000178 -2.152077787110433
v -2.1408153438530837 0.012500000000000178 -2.8591845682969805
v -2.759533692626481 0.5125000000000002 -0.8262526571504882
v -2.140815259088252 0.5125000000000002 -1.4449710906887174
v -2.759533692626481 0.012500000000000178 -0.8262526571504882
v -2.140815259088252 0.012500000000000178 -1.4449710906887174
v -3.4666404738130288 0.5125000000000002 -1.533359438337036
v -2.847922040274799 0.5125000000000002 -2.1520778718752647
v -3.4666404738130288 0.012500000000000178 -1.533359438337036
v -2.847922040274799 0.012500000000000178 -2.1520778718752647
v -1.4337087745786161 0.5125000000000002 -2.152077575198353
v -0.8149903410403869 0.5125000000000002 -2.7707960087365824
v -1.4337087745786161 0.012500000000000178 -2.152077575198353
v -0.8149903410403869 0.012500000000000178 -2.7707960087365824
v -2.1408155557651636 0.5125000000000002 -2.8591843563849006
v -1.5220971222269344 0.5125000000000002 -3.47790278992313
v -2.1408155557651636 0.012500000000000178 -2.8591843563849006
v -1.5220971222269344 0.012500000000000178 -3.47790278992313
v -0.826252572385656 0.5125000000000002 3.7595337773913133
v -1.444971005923885 0.5125000000000002 3.140815343853084
v -0.826252572385656 0.012500000000000178 3.7595337773913133
v -1.444971005923885 0.012500000000000178 3.140815343853084
v -1.5333593535722034 0.5125000000000002 4.466640558577861
v -2.1520777871104326 0.5125000000000002 3.8479221250396316
v -1.5333593535722034 0.012500000000000178 4.466640558577861
v -2.1520777871104326 0.012500000000000178 3.8479221250396316
v -1.444971005923885 0.5125000000000002 3.140815343853084
v -2.1520777871104326 0.5125000000000002 2.4337085626665367
v -1.444971005923885 0.012500000000000178 3.140815343853084
v -2.1520777871104326 0.012500000000000178 2.4337085626665367
v -2.1520777871104326 0.5125000000000002 3.8479221250396316
v -2.85918456829698 0.5125000000000002 3.140815343853084
v -2.1520777871104326 0.012500000000000178 3.8479221250396316
v -2.85918456829698 0.012500000000000178 3.140815343853084
v -2.1520777871104326 0.5125000000000002 2.4337085626665367
v -2.770796220648662 0.5125000000000002 1.8149901291283077
v -2.1520777871104326 0.012500000000000178 2.4337085626665367
v -2.770796220648662 0.012500000000000178 1.8149901291283077
v -2.85918456829698 0.5125000000000002 3.140815343853084
v -3.4779030018352093 0.5125000000000002 2.522096910314855
v -2.85918456829698 0.012500000000000178 3.140815343853084
v -3.4779030018352093 0.012500000000000178 2.522096910314855
v 3.7595337773913133 0.5125000000000002 1.8262525723856569
v 3.1408153438530837 0.5125000000000002 2.444971005923886
v 3.7595337773913133 0.012500000000000178 1.8262525723856569
v 3.1408153438530837 0.012500000000000178 2.444971005923886
v 4.46664055857786 0.5125000000000002 2.5333593535722043
v 3.8479221250396316 0.5125000000000002 3.1520777871104335
v 4.46664055857786 0.012500000000000178 2.5333593535722043
v 3.8479221250396316 0.012500000000000178 3.1520777871104335
v 3.1408153438530837 0.5125000000000002 2.444971005923886
v 2.4337085626665362 0.5125000000000002 3.1520777871104335
v 3.1408153438530837 0.012500000000000178 2.444971005923886
v 2.4337085626665362 0.012500000000000178 3.1520777871104335
v 3.8479221250396316 0.5125000000000002 3.1520777871104335
v 3.1408153438530837 0.5125000000000002 3.859184568296981
v 3.8479221250396316 0.012500000000000178 3.1520777871104335
v 3.1408153438530837 0.012500000000000178 3.859184568296981
v 2.4337085626665362 0.5125000000000002 3.1520777871104335
v 1.814990129128307 0.5125000000000002 3.7707962206486627
v 2.4337085626665362 0.012500000000000178 3.1520777871104335
v 1.814990129128307 0.012500000000000178 3.7707962206486627
v 3.1408153438530837 0.5125000000000002 3.859184568296981
v 2.5220969103148545 0.5125000000000002 4.47790300183521
v 3.1408153438530837 0.012500000000000178 3.859184568296981
v 2.5220969103148545 0.012500000000000178 4.47790300183521
v 1.8262525723856557 0.5125000000000002 -2.759533777391314
v 2.444971005923885 0.5125000000000002 -2.1408153438530846
v 1.8262525723856557 0.012500000000000178 -2.759533777391314
v 2.444971005923885 0.012500000000000178 -2.1408153438530846
v 2.5333593535722034 0.5125000000000002 -3.4666405585778612
v 3.152077787110432 0.5125000000000002 -2.847922125039632
v 2.5333593535722034 0.012500000000000178 -3.4666405585778612
v 3.152077787110432 0.012500000000000178 -2.847922125039632
v 2.444971005923885 0.5125000000000002 -2.1408153438530846
v 3.1520777871104326 0.5125000000000002 -1.4337085626665371
v 2.444971005923885 0.012500000000000178 -2.1408153438530846
v 3.1520777871104326 0.012500000000000178 -1.4337085626665371
v 3.152077787110432 0.5125000000000002 -2.847922125039632
v 3.85918456829698 0.5125000000000002 -2.1408153438530846
v 3.152077787110432 0.012500000000000178 -2.847922125039632
v 3.85918456829698 0.012500000000000178 -2.1408153438530846
v 3.1520777871104326 0.5125000000000002 -1.4337085626665371
v 3.770796220648662 0.5125000000000002 -0.8149901291283081
v 3.1520777871104326 0.012500000000000178 -1.4337085626665371
v 3.770796220648662 0.012500000000000178 -0.8149901291283081
v 3.85918456829698 0.5125000000000002 -2.1408153438530846
v 4.477903001835209 0.5125000000000002 -1.5220969103148558
v 3.85918456829698 0.012500000000000178 -2.1408153438530846
v 4.477903001835209 0.012500000000000178 -1.5220969103148558
v -0.5000000000000007 0.5125000000000002 -2.5
v 0.49999999999999933 0.5125000000000002 -2.5
v -0.5000000000000007 0.012500000000000178 -2.5
v 0.49999999999999933 0.012500000000000178 -2.5
v -0.5000000000000009 0.5125000000000002 -3.5
v 0.4999999999999991 0.5125000000000002 -3.5
v -0.5000000000000009 0.012500000000000178 -3.5
v 0.4999999999999991 0.012500000000000178 -3.5
v 0.49999999999999933 0.5125000000000002 -2.5
v 1.4999999999999993 0.5125000000000002 -2.5000000000000004
v 0.49999999999999933 0.012500000000000178 -2.5
v 1.4999999999999993 0.012500000000000178 -2.5000000000000004
v 0.4999999999999991 0.5125000000000002 -3.5
v 1.4999999999999991 0.5125000000000002 -3.5
v 0.4999999999999991 0.012500000000000178 -3.5
v 1.4999999999999991 0.012500000000000178 -3.5
v 0.49999999999999933 0.5125000000000002 3.5
v -0.5000000000000007 0.5125000000000002 3.5
v 0.49999999999999933 0.012500000000000178 3.5
v -0.5000000000000007 0.012500000000000178 3.5
v 0.4999999999999991 0.5125000000000002 4.5
v -0.5000000000000009 0.5125000000000002 4.5
v 0.4999999999999991 0.012500000000000178 4.5
v -0.5000000000000009 0.012500000000000178 4.5
v 1.4999999999999993 0.5125000000000002 3.5
v 0.49999999999999933 0.5125000000000002 3.5
v 1.4999999999999993 0.012500000000000178 3.5
v 0.49999999999999933 0.012500000000000178 3.5
v 1.4999999999999991 0.5125000000000002 4.5
v 0.4999999999999991 0.5125000000000002 4.5
v 1.4999999999999991 0.012500000000000178 4.5
v 0.4999999999999991 0.012500000000000178 4.5
v 2.5 2 -2.5
v 2.5 2 -3.5
v 2.5 1 -2.5
v 2.5 1 -3.5
v 1.5 2 -2.5
v 1.5 2 -3.5
v 1.5 1 -2.5
v 1.5 1 -3.5
v 2.5 2.5 -2.5
v 2.5 3 -3.5
v 2.5 2 -2.5
v 2.5 2 -3.5
v 1.5 2.5 -2.5
v 1.5 3 -3.5
v 1.5 2 -2.5
v 1.5 2 -3.5
v 2.5 1 -2.5
v 2.5 1 -3.5
v 2.5 0 -2.5
v 2.5 0 -3.5
v 1.5 1 -2.5
v 1.5 1 -3.5
v 1.5 0 -2.5
v 1.5 0 -3.5
v -0.5 2 -2.5
v -0.5 2 -3.5
v -0.5 1 -2.5
v -0.5 1 -3.5
v -1.5 2 -2.5
v -1.5 2 -3.5
v -1.5 1 -2.5
v -1.5 1 -3.5
v -0.5 2.5 -2.5
v -0.5 3 -3.5
v -0.5 2 -2.5
v -0.5 2 -3.5
v -1.5 2.5 -2.5
v -1.5 3 -3.5
v -1.5 2 -2.5
v -1.5 2 -3.5
v -0.5 1 -2.5
v -0.5 1 -3.5
v -0.5 0 -2.5
v -0.5 0 -3.5
v -1.5 1 -2.5
v -1.5 1 -3.5
v -1.5 0 -2.5
v -1.5 0 -3.5
v -0.5 2 4.5
v -0.5 2 3.5
v -0.5 1 4.5
v -0.5 1 3.5
v -1.5 2 4.5
v -1.5 2 3.5
v -1.5 1 4.5
v -1.5 1 3.5
v -0.5 3 4.5
v -0.5 2.5 3.5
v -0.5 2 4.5
v -0.5 2 3.5
v -1.5 3 4.5
v -1.5 2.5 3.5
v -1.5 2 4.5
v -1.5 2 3.5
v -0.5 1 4.5
v -0.5 1 3.5
v -0.5 0 4.5
v -0.5 0 3.5
v -1.5 1 4.5
v -1.5 1 3.5
v -1.5 0 4.5
v -1.5 0 3.5
v 2.5 2 4.5
v 2.5 2 3.5
v 2.5 1 4.5
v 2.5 1 3.5
v 1.5 2 4.5
v 1.5 2 3.5
v 1.5 1 4.5
v 1.5 1 3.5
v 2.5 3 4.5
v 2.5 2.5 3.5
v 2.5 2 4.5
v 2.5 2 3.5
v 1.5 3 4.5
v 1.5 2.5 3.5
v 1.5 2 4.5
v 1.5 2 3.5
v 2.5 1 4.5
v 2.5 1 3.5
v 2.5 0 4.5
v 2.5 0 3.5
v 1.5 1 4.5
v 1.5 1 3.5
v 1.5 0 4.5
v 1.5 0 3.5
v -3.5 4.75 2.5
v -3.5 4.75 -1.5
v -3.5 4.5 2.5
v -3.5 4.5 -1.5
v -3.75 4.75 2.5
v -3.75 4.75 -1.5
v -3.75 4.5 2.5
v -3.75 4.5 -1.5
v 2.499999999999999 4.75 4.5
v -1.5000000000000009 4.75 4.5
v 2.499999999999999 4.5 4.5
v -1.5000000000000009 4.5 4.5
v 2.499999999999999 4.75 4.75
v -1.5000000000000009 4.75 4.75
v 2.499999999999999 4.5 4.75
v -1.5000000000000009 4.5 4.75
v -1.5000000000000009 4.75 -3.4999999999999996
v 2.499999999999999 4.75 -3.5
v -1.5000000000000009 4.5 -3.4999999999999996
v 2.499999999999999 4.5 -3.5
v -1.5000000000000009 4.75 -3.75
v 2.499999999999999 4.75 -3.75
v -1.5000000000000009 4.5 -3.75
v 2.499999999999999 4.5 -3.75
v 4.75 4.75 2.5
v 4.75 4.75 -1.5
v 4.75 4.5 2.5
v 4.75 4.5 -1.5
v 4.5 4.75 2.5
v 4.5 4.75 -1.5
v 4.5 4.5 2.5
v 4.5 4.5 -1.5
v 2.4960970173838017 4.75625 4.7539031227018524
v 4.749999882415922 4.75625 2.500000257669732
v 2.4960970173838017 4.50625 4.7539031227018524
v 4.749999882415922 4.50625 2.500000257669732
v 2.3193203220871643 4.75625 4.577126427405216
v 4.573223187119285 4.75625 2.3232235623730952
v 2.3193203220871643 4.50625 4.577126427405216
v 4.573223187119285 4.50625 2.3232235623730952
v 4.753903130376633 4.75625 -1.496097035912364
v 2.5000002653445135 4.75625 -3.749999900944484
v 4.753903130376633 4.50625 -1.496097035912364
v 2.5000002653445135 4.50625 -3.749999900944484
v 4.577126435079997 4.75625 -1.319320340615727
v 2.323223570047876 4.75625 -3.573223205647847
v 4.577126435079997 4.50625 -1.319320340615727
v 2.323223570047876 4.50625 -3.573223205647847
v -1.496097035912363 4.75625 -3.753903130376634
v -3.749999900944484 4.75625 -1.5000002653445144
v -1.496097035912363 4.50625 -3.753903130376634
v -3.749999900944484 4.50625 -1.5000002653445144
v -1.3193203406157261 4.75625 -3.5771264350799967
v -3.573223205647847 4.75625 -1.3232235700478772
v -1.3193203406157261 4.50625 -3.5771264350799967
v -3.573223205647847 4.50625 -1.3232235700478772
v -3.7539031303766333 4.75625 2.4960970359123644
v -1.500000265344513 4.75625 4.749999900944484
v -3.7539031303766333 4.50625 2.4960970359123644
v -1.500000265344513 4.50625 4.749999900944484
v -3.5771264350799967 4.75625 2.3193203406157274
v -1.323223570047876 4.75625 4.573223205647848
v -3.5771264350799967 4.50625 2.3193203406157274
v -1.323223570047876 4.50625 4.573223205647848
v 4.000392024732981 4.99375 2.2925011062305365
v 2.290077497738019 4.99375 4.002815633225499
v 4.000392024732981 2.99375 2.2925011062305365
v 2.290077497738019 2.99375 4.002815633225499
v 4.500000088747289 4.99375 2.499999823402776
v 2.4999998234027747 4.99375 4.5000000887472895
v 4.500000088747289 2.99375 2.499999823402776
v 2.4999998234027747 2.99375 4.5000000887472895
v 4.5 4.99375 -1.4999999999999991
v 4 4.99375 -1.2968749999999991
v 4.5 2.99375 -1.4999999999999991
v 4 2.99375 -1.2968749999999991
v 4.5 4.99375 2.500000000000001
v 3.9999999999999996 4.99375 2.303125000000001
v 4.5 2.99375 2.500000000000001
v 3.9999999999999996 2.99375 2.303125000000001
v 2.2925011062305365 4.99375 -3.000392024732981
v 4.002815633225499 4.99375 -1.2900774977380194
v 2.2925011062305365 2.99375 -3.000392024732981
v 4.002815633225499 2.99375 -1.2900774977380194
v 2.499999823402775 4.99375 -3.5000000887472886
v 4.5000000887472895 4.99375 -1.4999998234027756
v 2.499999823402775 2.99375 -3.5000000887472886
v 4.5000000887472895 2.99375 -1.4999998234027756
v -1.4999999999999993 4.993750000000001 -3.4999999999999996
v -1.2968749999999993 4.99375 -2.9999999999999996
v -1.4999999999999996 2.993750000000001 -3.4999999999999996
v -1.2968749999999996 2.9937500000000004 -2.9999999999999996
v 2.5000000000000004 4.993750000000001 -3.4999999999999996
v 2.3031250000000005 4.99375 -2.9999999999999996
v 2.5000000000000004 2.99375 -3.4999999999999996
v 2.3031250000000005 2.9937500000000004 -2.9999999999999996
v -3.0003920247329807 4.99375 -1.2925011062305365
v -1.290077497738019 4.99375 -3.0028156332254983
v -3.0003920247329807 2.99375 -1.2925011062305365
v -1.290077497738019 2.99375 -3.0028156332254983
v -3.5000000887472886 4.99375 -1.4999998234027756
v -1.499999823402775 4.99375 -3.5000000887472886
v -3.5000000887472886 2.99375 -1.4999998234027756
v -1.499999823402775 2.99375 -3.5000000887472886
v -3.4999999999999996 4.99375 2.500000000000001
v -2.9999999999999996 4.99375 2.296875000000001
v -3.4999999999999996 2.99375 2.500000000000001
v -2.9999999999999996 2.99375 2.296875000000001
v -3.5 4.99375 -1.4999999999999991
v -3.0000000000000004 4.99375 -1.3031249999999992
v -3.5 2.99375 -1.4999999999999991
v -3.0000000000000004 2.99375 -1.3031249999999992
v -1.292501106230536 4.99375 4.000392024732982
v -3.002815633225498 4.99375 2.2900774977380194
v -1.292501106230536 2.99375 4.000392024732982
v -3.002815633225498 2.99375 2.2900774977380194
v -1.499999823402775 4.99375 4.500000088747289
v -3.5000000887472886 4.99375 2.4999998234027756
v -1.499999823402775 2.99375 4.500000088747289
v -3.5000000887472886 2.99375 2.4999998234027756
v 2.5 4.99375 4.5
v 2.296875 4.99375 4
v 2.5 2.99375 4.5
v 2.296875 2.99375 4
v -1.5 4.99375 4.5
v -1.303125 4.99375 4
v -1.5 2.99375 4.5
v -1.303125 2.99375 4
v 2.5 2.5 2.5
v 2.5 2.5 -1.5
v 2.5 2 2.5
v 2.5 2 -1.5
v -1.5 2.5 2.5
v -1.5 2.5 -1.5
v -1.5 2 2.5
v -1.5 2 -1.5
v -1.5 2.5 2.5
v -1.5 2.5 -1.5
v -3.5 3 2.5
v -3.5 3 -1.5
v -1.5 2 2.5
v -1.5 2 -1.5
v 2.4999999999999996 2.5 2.5000000000000004
v -1.5000000000000004 2.5 2.4999999999999996
v 2.499999999999999 3 4.5
v -1.5000000000000009 3 4.5
v 2.4999999999999996 2 2.5000000000000004
v -1.5000000000000004 2 2.4999999999999996
v 4.5 3 2.500000000000001
v 2.4999999999999996 2.5 2.5000000000000004
v 2.499999999999999 3 4.5
v 2.4999999999999996 2 2.5000000000000004
v 2.4999999999999996 3 -3.5
v 2.5 2.5 -1.5000000000000004
v 4.5 3 -1.5000000000000004
v 2.5 2 -1.5000000000000004
v -1.5 3 4.5
v -1.5 2.5 2.5
v -3.5 3 2.5
v -1.5 2 2.5
v -3.5 3 -1.4999999999999991
v -1.5000000000000004 2.5 -1.4999999999999996
v -1.5000000000000009 3 -3.4999999999999996
v -1.5000000000000004 2 -1.4999999999999996
v 2.5 2.5 -1.5000000000000004
v 2.5000000000000004 2.5 2.5
v 4.5 3 -1.5000000000000004
v 4.5 3 2.4999999999999996
v 2.5 2 -1.5000000000000004
v 2.5000000000000004 2 2.5
v -1.5000000000000004 2.5 -1.4999999999999996
v 2.4999999999999996 2.5 -1.5000000000000004
v -1.5000000000000009 3 -3.4999999999999996
v 2.499999999999999 3 -3.5
v -1.5000000000000004 2 -1.4999999999999996
v 2.4999999999999996 2 -1.5000000000000004
v 4.99375 5.0125 1
v 4.99375 5.0125 0
v 4.99375 4.0125 1
v 4.99375 4.0125 0
v 3.9937500000000004 5.0125 1
v 3.9937500000000004 5.0125 0
v 3.9937500000000004 4.0125 1
v 3.9937500000000004 4.0125 0
v 4.987500000000001 4.0125 1
v 4.987500000000001 4.0125 0
v 4.987500000000001 3.0125 1
v 4.987500000000001 3.0125 0
v 4.487500000000001 4.0125 1
v 4.487500000000001 4.0125 0
v 4.487500000000001 3.0125 1
v 4.487500000000001 3.0125 0
v 4.987500000000001 3.0125 1
v 4.987500000000001 3.0125 0
v 4.987500000000001 2.0125 1
v 4.987500000000001 2.0125 0
v 4.487500000000001 3.0125 1
v 4.487500000000001 3.0125 0
v 4.487500000000001 2.0125 1
v 4.487500000000001 2.0125 0
v 4.99375 2.0125 1
v 4.99375 2.0125 0
v 4.99375 1.0125000000000002 1
v 4.99375 1.0125000000000002 0
v 4.49375 2.0125 1
v 4.49375 2.0125 0
v 4.49375 1.0125000000000002 1
v 4.49375 1.0125000000000002 0
v 4.99375 1.0125000000000002 1
v 4.99375 1.0125000000000002 0
v 4.99375 0.012500000000000178 1
v 4.99375 0.012500000000000178 0
v 4.49375 1.0125000000000002 1
v 4.49375 1.0125000000000002 0
v 4.49375 0.012500000000000178 1
v 4.49375 0.012500000000000178 0
v 4.9875 0.75 0.75
v 4.9875 0.75 0.25
v 4.9875 0.25 0.75
v 4.9875 0.25 0.25
v 3.9875 0.75 0.75
v 3.9875 0.75 0.25
v 3.9875 0.25 0.75
v 3.9875 0.25 0.25
v 3.99375 0.75 0.75
v 3.99375 0.75 0.25
v 3.99375 0.25 0.75
v 3.99375 0.25 0.25
v 2.99375 0.75 0.75
v 2.99375 0.75 0.25
v 2.99375 0.25 0.75
v 2.99375 0.25 0.25
v 2.9375 0.875 0.125
v 2.9375 0.875 0.875
v 2.9375 0.125 0.125
v 2.9375 0.125 0.875
v 3.0625 0.875 0.125
v 3.0625 0.875 0.875
v 3.0625 0.125 0.125
v 3.0625 0.125 0.875
v 2.9375 0.875 0.875
v 2.9375 0.875 0.125
v 2.9375 0.125 0.875
v 2.9375 0.125 0.125
v 2.8125 0.875 0.875
v 2.8125 0.875 0.125
v 2.8125 0.125 0.875
v 2.8125 0.125 0.125
v 3 0.75 0.75
v 3 0.75 0.25
v 3 0.25 0.75
v 3 0.25 0.25
v 2 0.75 0.75
v 2 0.75 0.25
v 2 0.25 0.75
v 2 0.25 0.25
v 2 0.75 0.75
v 2 0.75 0.25
v 2 0.25 0.75
v 2 0.25 0.25
v 1 0.75 0.75
v 1 0.75 0.25
v 1 0.25 0.75
v 1 0.25 0.25
v 1.125 0.875 0.875
v 1.125 0.875 0.125
v 1.125 0.125 0.875
v 1.125 0.125 0.125
v 1 0.875 0.875
v 1 0.875 0.125
v 1 0.125 0.875
v 1 0.125 0.125
v 1 1 1
v 1 1 0
v 1 0 1
v 1 0 0
v 0 1 1
v 0 1 0
v 0 0 1
v 0 0 0
v 0.875 1.1187500000000004 0.875
v 0.875 1.1187500000000004 0.125
v 0.875 0.9937500000000004 0.875
v 0.875 0.9937500000000004 0.125
v 0.125 1.1187500000000004 0.875
v 0.125 1.1187500000000004 0.125
v 0.125 0.9937500000000004 0.875
v 0.125 0.9937500000000004 0.125
v 0.75 2 0.75
v 0.75 2 0.25
v 0.75 1 0.75
v 0.75 1 0.25
v 0.25 2 0.75
v 0.25 2 0.25
v 0.25 1 0.75
v 0.25 1 0.25
v 0.875 2.00625 0.875
v 0.875 2.00625 0.125
v 0.875 1.88125 0.875
v 0.875 1.88125 0.125
v 0.125 2.00625 0.875
v 0.125 2.00625 0.125
v 0.125 1.88125 0.875
v 0.125 1.88125 0.125
v 0.1250000000000009 1 4.875
v 0.2500000000000009 1 4.875
v 0.1250000000000009 0.5 4.875
v 0.2500000000000009 0.5 4.875
v 0.1250000000000009 1 4.625
v 0.2500000000000009 1 4.625
v 0.1250000000000009 0.5 4.625
v 0.2500000000000009 0.5 4.625
v 0.7500000000000009 1 4.875
v 0.8750000000000009 1 4.875
v 0.7500000000000009 0.5 4.875
v 0.8750000000000009 0.5 4.875
v 0.7500000000000009 1 4.625
v 0.8750000000000009 1 4.625
v 0.7500000000000009 0.5 4.625
v 0.8750000000000009 0.5 4.625
v 9.43689570931383e-16 2 5
v 1.0000000000000009 2 5
v 9.43689570931383e-16 1 5
v 1.0000000000000009 1 5
v 8.881784197001252e-16 2 4.5
v 1.0000000000000009 2 4.5
v 8.881784197001252e-16 1 4.5
v 1.0000000000000009 1 4.5
v 9.43689570931383e-16 0.5 5
v 1.0000000000000009 0.5 5
v 9.43689570931383e-16 0 5
v 1.0000000000000009 0 5
v 8.881784197001252e-16 0.5 4.5
v 1.0000000000000009 0.5 4.5
v 8.881784197001252e-16 0 4.5
v 1.0000000000000009 0 4.5
v -2.99375 5.0125 1
v -2.99375 5.0125 0
v -2.99375 4.0125 1
v -2.99375 4.0125 0
v -3.9937500000000004 5.0125 1
v -3.9937500000000004 5.0125 0
v -3.9937500000000004 4.0125 1
v -3.9937500000000004 4.0125 0
v -3.48125 4.0125 1
v -3.48125 4.0125 0
v -3.48125 3.0125 1
v -3.48125 3.0125 0
v -3.98125 4.0125 1
v -3.98125 4.0125 0
v -3.98125 3.0125 1
v -3.98125 3.0125 0
v -3.48125 3.0125 1
v -3.48125 3.0125 0
v -3.48125 2.0125 1
v -3.48125 2.0125 0
v -3.98125 3.0125 1
v -3.98125 3.0125 0
v -3.98125 2.0125 1
v -3.98125 2.0125 0
v -3 3 1.5
v -3 3 0.5
v -3 2 1.5
v -3 2 0.5
v -3.5 3 1.5
v -3.5 3 0.5
v -3.5 2 1.5
v -3.5 2 0.5
v -3.146446631817887 3 -1.1464463664733735
v -2.439339850631339 3 -1.853553147659921
v -3.146446631817887 2 -1.1464463664733735
v -2.439339850631339 2 -1.853553147659921
v -3.500000022411161 3 -1.499999757066647
v -2.792893241224613 3 -2.2071065382531945
v -3.500000022411161 2 -1.499999757066647
v -2.792893241224613 2 -2.2071065382531945
v -2.439339850631339 3 -1.853553147659921
v -1.8537670474612291 3 -2.4391259508300305
v -2.439339850631339 2 -1.853553147659921
v -1.8537670474612291 2 -2.4391259508300305
v -2.2073204380545035 3 -2.792679341423304
v -2.792893241224613 2 -2.2071065382531945
v -2.2073204380545035 2 -2.792679341423304
v -1.8535531476599205 3 -2.4393398506313395
v -1.1464463664733728 3 -3.146446631817887
v -1.8535531476599205 2 -2.4393398506313395
v -1.1464463664733728 2 -3.146446631817887
v -2.2071065382531945 3 -2.792893241224613
v -1.4999997570666468 3 -3.500000022411161
v -2.2071065382531945 2 -2.792893241224613
v -1.4999997570666468 2 -3.500000022411161
v -2.439339735345409 3 2.8535530323739904
v -3.1464465165319564 3 2.1464462511874434
v -2.439339735345409 2 2.8535530323739904
v -3.1464465165319564 2 2.1464462511874434
v -2.792893125938683 3 3.2071064229672643
v -3.4999999071252303 3 2.4999996417807173
v -2.792893125938683 2 3.2071064229672643
v -3.4999999071252303 2 2.4999996417807173
v -1.8535530323739904 3 3.439339735345409
v -2.4391258355441 3 2.8537669321753
v -1.8535530323739904 2 3.439339735345409
v -2.4391258355441 2 2.8537669321753
v -2.2071064229672643 3 3.792893125938683
v -2.792679226137374 3 3.207320322768574
v -2.2071064229672643 2 3.792893125938683
v -2.792679226137374 2 3.207320322768574
v -1.1464462511874427 3 4.146446516531957
v -1.8535530323739904 3 3.439339735345409
v -1.1464462511874427 2 4.146446516531957
v -1.8535530323739904 2 3.439339735345409
v -1.4999996417807169 3 4.49999990712523
v -2.2071064229672643 3 3.792893125938683
v -1.4999996417807169 2 4.49999990712523
v -2.2071064229672643 2 3.792893125938683
v 2.8535530323739904 3 3.43933973534541
v 2.1464462511874425 3 4.146446516531957
v 2.8535530323739904 2 3.43933973534541
v 2.1464462511874425 2 4.146446516531957
v 3.2071064229672643 3 3.7928931259386838
v 2.4999996417807164 3 4.499999907125231
v 3.2071064229672643 2 3.7928931259386838
v 2.4999996417807164 2 4.499999907125231
v 3.439339735345409 3 2.8535530323739913
v 2.8537669321752994 3 3.4391258355441003
v 3.439339735345409 2 2.8535530323739913
v 2.8537669321752994 2 3.4391258355441003
v 3.792893125938683 3 3.2071064229672652
v 3.2073203227685734 3 3.7926792261373743
v 3.792893125938683 2 3.2071064229672652
v 3.2073203227685734 2 3.7926792261373743
v 4.146446516531957 3 2.1464462511874434
v 3.439339735345409 3 2.8535530323739913
v 4.146446516531957 2 2.1464462511874434
v 3.439339735345409 2 2.8535530323739913
v 4.499999907125231 3 2.4999996417807173
v 3.792893125938683 3 3.2071064229672652
v 4.499999907125231 2 2.4999996417807173
v 3.792893125938683 2 3.2071064229672652
v 2.1464462511874425 3 -3.146446516531957
v 2.8535530323739904 3 -2.43933973534541
v 2.1464462511874425 2 -3.146446516531957
v 2.8535530323739904 2 -2.43933973534541
v 2.4999996417807164 3 -3.499999907125231
v 3.2071064229672643 3 -2.7928931259386838
v 2.4999996417807164 2 -3.499999907125231
v 3.2071064229672643 2 -2.7928931259386838
v 3.439339735345409 3 -1.8535530323739913
v 4.146446516531957 3 -1.1464462511874436
v 3.439339735345409 2 -1.8535530323739913
v 4.146446516531957 2 -1.1464462511874436
v 3.792893125938683 3 -2.2071064229672652
v 4.499999907125231 3 -1.4999996417807175
v 3.792893125938683 2 -2.2071064229672652
v 4.499999907125231 2 -1.4999996417807175
v 2.8535530323739904 3 -2.43933973534541
v 3.4391258355441 3 -1.8537669321752999
v 2.8535530323739904 2 -2.43933973534541
v 3.4391258355441 2 -1.8537669321752999
v 3.2071064229672643 3 -2.7928931259386838
v 3.792679226137374 3 -2.207320322768574
v 3.2071064229672643 2 -2.7928931259386838
v 3.792679226137374 2 -2.207320322768574
v -3 3 0.5
v -3 3 -0.5
v -3 2 0.5
v -3 2 -0.5
v -3.5 3 0.5
v -3.5 3 -0.5
v -3.5 2 0.5
v -3.5 2 -0.5
v 1.4999999999999991 3 4
v 0.4999999999999992 3 4
v 1.4999999999999991 2 4
v 0.4999999999999992 2 4
v 1.4999999999999991 3 4.5
v 0.4999999999999991 3 4.5
v 1.4999999999999991 2 4.5
v 0.4999999999999991 2 4.5
v 0.4999999999999992 3 4
v -0.5000000000000007 3 3.9999999999999996
v 0.4999999999999992 2 4
v -0.5000000000000007 2 3.9999999999999996
v 0.4999999999999991 3 4.5
v -0.5000000000000009 3 4.499999999999999
v 0.4999999999999991 2 4.5
v -0.5000000000000009 2 4.499999999999999
v 4 3 -0.5000000000000004
v 4 3 0.49999999999999956
v 4 2 -0.5000000000000004
v 4 2 0.49999999999999956
v 4.5 3 -0.5000000000000004
v 4.5 3 0.4999999999999995
v 4.5 2 -0.5000000000000004
v 4.5 2 0.4999999999999995
v 4 3 0.49999999999999956
v 4 3 1.4999999999999996
v 4 2 0.49999999999999956
v 4 2 1.4999999999999996
v 4.5 3 0.4999999999999995
v 4.5 3 1.4999999999999996
v 4.5 2 0.4999999999999995
v 4.5 2 1.4999999999999996
v -0.5000000000000007 3 -2.9999999999999996
v 0.4999999999999992 3 -3
v -0.5000000000000007 2 -2.9999999999999996
v 0.4999999999999992 2 -3
v -0.5000000000000009 3 -3.4999999999999996
v 0.4999999999999991 3 -3.5
v -0.5000000000000009 2 -3.4999999999999996
v 0.4999999999999991 2 -3.5
v 0.4999999999999992 3 -3
v 1.4999999999999991 3 -3.0000000000000004
v 0.4999999999999992 2 -3
v 1.4999999999999991 2 -3.0000000000000004
v 0.4999999999999991 3 -3.5
v 1.4999999999999991 3 -3.5
v 0.4999999999999991 2 -3.5
v 1.4999999999999991 2 -3.5
v -3.48125 2.0125 1
v -3.48125 2.0125 0
v -3.48125 1.0125000000000002 1
v -3.48125 1.0125000000000002 0
v -3.98125 2.0125 1
v -3.98125 2.0125 0
v -3.98125 1.0125000000000002 1
v -3.98125 1.0125000000000002 0
v -3.48125 1.0125000000000002 1
v -3.48125 1.0125000000000002 0
v -3.48125 0.012500000000000178 1
v -3.48125 0.012500000000000178 0
v -3.98125 1.0125000000000002 1
v -3.98125 1.0125000000000002 0
v -3.98125 0.012500000000000178 1
v -3.98125 0.012500000000000178 0
v -1.875 4.6875 0.75
v -1.875 4.6875 0.25
v -1.875 4.1875 0.75
v -1.875 4.1875 0.25
v -2.875 4.6875 0.75
v -2.875 4.6875 0.25
v -2.875 4.1875 0.75
v -2.875 4.1875 0.25
v -0.625 4.6875 0.75
v -0.625 4.6875 0.25
v -0.625 4.1875 0.75
v -0.625 4.1875 0.25
v -1.625 4.6875 0.75
v -1.625 4.6875 0.25
v -1.625 4.1875 0.75
v -1.625 4.1875 0.25
v -0.5 4.8125 0.875
v -0.5 4.8125 0.125
v -0.5 4.0625 0.875
v -0.5 4.0625 0.125
v -0.625 4.8125 0.875
v -0.625 4.8125 0.125
v -0.625 4.0625 0.875
v -0.625 4.0625 0.125
v -3 4.8125 0.125
v -3 4.8125 0.875
v -3 4.0625 0.125
v -3 4.0625 0.875
v -2.875 4.8125 0.125
v -2.875 4.8125 0.875
v -2.875 4.0625 0.125
v -2.875 4.0625 0.875
v -1.75 4.8125 0.125
v -1.75 4.8125 0.875
v -1.75 4.0625 0.125
v -1.75 4.0625 0.875
v -1.625 4.8125 0.125
v -1.625 4.8125 0.875
v -1.625 4.0625 0.125
v -1.625 4.0625 0.875
v -1.75 4.8125 0.875
v -1.75 4.8125 0.125
v -1.75 4.0625 0.875
v -1.75 4.0625 0.125
v -1.875 4.8125 0.875
v -1.875 4.8125 0.125
v -1.875 4.0625 0.875
v -1.875 4.0625 0.125
vt 0.125 0.75
vt 0.125 0.625
vt 0.1875 0.625
vt 0.1875 0.75
vt 0.1875 0.75
vt 0.125 0.75
vt 0.125 0.625
vt 0.1875 0.625
vt 0 0.625
vt 0.125 0.625
vt 0.125 0.75
vt 0 0.75
vt 0.125 0.625
vt 0.125 0.75
vt 0 0.75
vt 0 0.625
vt 0.1875 0.75
vt 0.125 0.75
vt 0.125 0.625
vt 0.1875 0.625
vt 0.125 0.75
vt 0.125 0.625
vt 0.1875 0.625
vt 0.1875 0.75
vt 0 0.8125
vt 0 0.75
vt 0.0625 0.75
vt 0.0625 0.8125
vt 0 0.75
vt 0.0625 0.75
vt 0.0625 0.8125
vt 0 0.8125
vt 0.125 0.75
vt 0.1875 0.75
vt 0.1875 0.8125
vt 0.125 0.8125
vt 0.0625 0.9375
vt 0.0625 1
vt 0 1
vt 0 0.9375
vt 0 0.75
vt 0.0625 0.75
vt 0.0625 0.8125
vt 0 0.8125
vt 0 0.8125
vt 0 0.75
vt 0.0625 0.75
vt 0.0625 0.8125
vt 1 0.25
vt 0.875 0.25
vt 0.875 0.1875
vt 1 0.1875
vt 1 0.1875
vt 1 0.25
vt 0.875 0.25
vt 0.875 0.1875
vt 0 0.375
vt 0.125 0.375
vt 0.125 0.5
vt 0 0.5
vt 1 0.125
vt 1 0.25
vt 0.875 0.25
vt 0.875 0.125
vt 1 0.1875
vt 1 0.25
vt 0.875 0.25
vt 0.875 0.1875
vt 1 0.25
vt 0.875 0.25
vt 0.875 0.1875
vt 1 0.1875
vt 0.21875 0.6875
vt 0.1875 0.6875
vt 0.1875 0.65625
vt 0.21875 0.65625
vt 0.21875 0.65625
vt 0.21875 0.6875
vt 0.1875 0.6875
vt 0.1875 0.65625
vt 0.1875 0.65625
vt 0.21875 0.65625
vt 0.21875 0.6875
vt 0.1875 0.6875
vt 0.21875 0.65625
vt 0.21875 0.6875
vt 0.1875 0.6875
vt 0.1875 0.65625
vt 0.21875 0.65625
vt 0.21875 0.6875
vt 0.1875 0.6875
vt 0.1875 0.65625
vt 0.21875 0.6875
vt 0.1875 0.6875
vt 0.1875 0.65625
vt 0.21875 0.65625
vt 0.125 0.8125
vt 0.0625 0.8125
vt 0.0625 0.75
vt 0.125 0.75
vt 0.125 0.75
vt 0.125 0.8125
vt 0.0625 0.8125
vt 0.0625 0.75
vt 0.0625 0.75
vt 0.125 0.75
vt 0.125 0.8125
vt 0.0625 0.8125
vt 0.125 0.75
vt 0.125 0.8125
vt 0.0625 0.8125
vt 0.0625 0.75
vt 0.125 0.75
vt 0.125 0.8125
vt 0.0625 0.8125
vt 0.0625 0.75
vt 0.125 0.8125
vt 0.0625 0.8125
vt 0.0625 0.75
vt 0.125 0.75
vt 0.0625 1
vt 0 1
vt 0 0.96875
vt 0.0625 0.96875
vt 0.0625 0.96875
vt 0.0625 1
vt 0 1
vt 0 0.96875
vt 0 0.9375
vt 0.0625 0.9375
vt 0.0625 1
vt 0 1
vt 0.0625 0.9375
vt 0.0625 1
vt 0 1
vt 0 0.9375
vt 0.0625 0.96875
vt 0.0625 1
vt 0 1
vt 0 0.96875
vt 0.0625 1
vt 0 1
vt 0 0.96875
vt 0.0625 0.96875
vt 0.0625 1
vt 0 1
vt 0 0.984375
vt 0.0625 0.984375
vt 0.0625 0.984375
vt 0.0625 1
vt 0 1
vt 0 0.984375
vt 0.0625 0.9375
vt 0.125 0.9375
vt 0.125 1
vt 0.0625 1
vt 0.125 1
vt 0.125 0.9375
vt 0.0625 0.9375
vt 0.0625 1
vt 0.0625 0.984375
vt 0.0625 1
vt 0 1
vt 0 0.984375
vt 0.0625 1
vt 0 1
vt 0 0.984375
vt 0.0625 0.984375
vt 0.0625 1
vt 0 1
vt 0 0.984375
vt 0.0625 0.984375
vt 0.0625 0.984375
vt 0.0625 1
vt 0 1
vt 0 0.984375
vt 0.0625 0.9375
vt 0.125 0.9375
vt 0.125 1
vt 0.0625 1
vt 0.125 1
vt 0.125 0.9375
vt 0.0625 0.9375
vt 0.0625 1
vt 0.0625 0.984375
vt 0.0625 1
vt 0 1
vt 0 0.984375
vt 0.0625 1
vt 0 1
vt 0 0.984375
vt 0.0625 0.984375
vt 0.0625 1
vt 0 1
vt 0 0.984375
vt 0.0625 0.984375
vt 0.0625 0.984375
vt 0.0625 1
vt 0 1
vt 0 0.984375
vt 0.0625 0.9375
vt 0.125 0.9375
vt 0.125 1
vt 0.0625 1
vt 0.125 1
vt 0.125 0.9375
vt 0.0625 0.9375
vt 0.0625 1
vt 0.0625 0.984375
vt 0.0625 1
vt 0 1
vt 0 0.984375
vt 0.0625 1
vt 0 1
vt 0 0.984375
vt 0.0625 0.984375
vt 0.0625 1
vt 0 1
vt 0 0.984375
vt 0.0625 0.984375
vt 0.0625 0.984375
vt 0.0625 1
vt 0 1
vt 0 0.984375
vt 0.0625 0.9375
vt 0.125 0.9375
vt 0.125 1
vt 0.0625 1
vt 0.125 1
vt 0.125 0.9375
vt 0.0625 0.9375
vt 0.0625 1
vt 0.0625 0.984375
vt 0.0625 1
vt 0 1
vt 0 0.984375
vt 0.0625 1
vt 0 1
vt 0 0.984375
vt 0.0625 0.984375
vt 0.0625 1
vt 0 1
vt 0 0.984375
vt 0.0625 0.984375
vt 0.0625 0.984375
vt 0.0625 1
vt 0 1
vt 0 0.984375
vt 0.0625 0.9375
vt 0.125 0.9375
vt 0.125 1
vt 0.0625 1
vt 0.125 1
vt 0.125 0.9375
vt 0.0625 0.9375
vt 0.0625 1
vt 0.0625 0.984375
vt 0.0625 1
vt 0 1
vt 0 0.984375
vt 0.0625 1
vt 0 1
vt 0 0.984375
vt 0.0625 0.984375
vt 0.0625 1
vt 0 1
vt 0 0.984375
vt 0.0625 0.984375
vt 0.0625 0.984375
vt 0.0625 1
vt 0 1
vt 0 0.984375
vt 0.0625 0.9375
vt 0.125 0.9375
vt 0.125 1
vt 0.0625 1
vt 0.125 1
vt 0.125 0.9375
vt 0.0625 0.9375
vt 0.0625 1
vt 0.0625 0.984375
vt 0.0625 1
vt 0 1
vt 0 0.984375
vt 0.0625 1
vt 0 1
vt 0 0.984375
vt 0.0625 0.984375
vt 0.0625 1
vt 0 1
vt 0 0.984375
vt 0.0625 0.984375
vt 0.0625 0.984375
vt 0.0625 1
vt 0 1
vt 0 0.984375
vt 0.0625 0.9375
vt 0.125 0.9375
vt 0.125 1
vt 0.0625 1
vt 0.125 1
vt 0.125 0.9375
vt 0.0625 0.9375
vt 0.0625 1
vt 0.0625 0.984375
vt 0.0625 1
vt 0 1
vt 0 0.984375
vt 0.0625 1
vt 0 1
vt 0 0.984375
vt 0.0625 0.984375
vt 0.0625 1
vt 0 1
vt 0 0.984375
vt 0.0625 0.984375
vt 0.0625 0.984375
vt 0.0625 1
vt 0 1
vt 0 0.984375
vt 0.0625 0.9375
vt 0.125 0.9375
vt 0.125 1
vt 0.0625 1
vt 0.125 1
vt 0.125 0.9375
vt 0.0625 0.9375
vt 0.0625 1
vt 0.0625 0.984375
vt 0.0625 1
vt 0 1
vt 0 0.984375
vt 0.0625 1
vt 0 1
vt 0 0.984375
vt 0.0625 0.984375
vt 0.1875 1
vt 0.125 1
vt 0.125 0.9375
vt 0.1875 0.9375
vt 0.1875 0.9375
vt 0.1875 1
vt 0.125 1
vt 0.125 0.9375
vt 0.125 0.9375
vt 0.1875 0.9375
vt 0.1875 1
vt 0.125 1
vt 0.1875 0.9375
vt 0.1875 1
vt 0.125 1
vt 0.125 0.9375
vt 0.1875 0.9375
vt 0.1875 1
vt 0.125 1
vt 0.125 0.9375
vt 0.1875 1
vt 0.125 1
vt 0.125 0.9375
vt 0.1875 0.9375
vt 0.1875 1
vt 0.125 1
vt 0.125 0.9375
vt 0.1875 0.9375
vt 0.1875 0.9375
vt 0.1875 1
vt 0.125 1
vt 0.125 0.9375
vt 0.125 0.9375
vt 0.1875 0.9375
vt 0.1875 1
vt 0.125 1
vt 0.1875 0.9375
vt 0.1875 1
vt 0.125 1
vt 0.125 0.9375
vt 0.1875 0.9375
vt 0.1875 1
vt 0.125 1
vt 0.125 0.9375
vt 0.1875 1
vt 0.125 1
vt 0.125 0.9375
vt 0.1875 0.9375
vt 0.125 1
vt 0.125 0.9375
vt 0.1875 0.9375
vt 0.1875 1
vt 0.1875 1
vt 0.125 1
vt 0.125 0.9375
vt 0.1875 0.9375
vt 0.1875 0.9375
vt 0.1875 1
vt 0.125 1
vt 0.125 0.9375
vt 0.1875 1
vt 0.125 1
vt 0.125 0.9375
vt 0.1875 0.9375
vt 0.1875 1
vt 0.125 1
vt 0.125 0.9375
vt 0.1875 0.9375
vt 0.125 1
vt 0.125 0.9375
vt 0.1875 0.9375
vt 0.1875 1
vt 0.1875 1
vt 0.125 1
vt 0.125 0.9375
vt 0.1875 0.9375
vt 0.1875 0.9375
vt 0.1875 1
vt 0.125 1
vt 0.125 0.9375
vt 0.125 0.9375
vt 0.1875 0.9375
vt 0.1875 1
vt 0.125 1
vt 0.1875 0.9375
vt 0.1875 1
vt 0.125 1
vt 0.125 0.9375
vt 0.1875 0.9375
vt 0.1875 1
vt 0.125 1
vt 0.125 0.9375
vt 0.1875 1
vt 0.125 1
vt 0.125 0.9375
vt 0.1875 0.9375
vt 0.125 1
vt 0.125 0.9375
vt 0.1875 0.9375
vt 0.1875 1
vt 0.1875 1
vt 0.125 1
vt 0.125 0.9375
vt 0.1875 0.9375
vt 0.1875 0.9375
vt 0.1875 1
vt 0.125 1
vt 0.125 0.9375
vt 0.1875 1
vt 0.125 1
vt 0.125 0.9375
vt 0.1875 0.9375
vt 0.1875 1
vt 0.125 1
vt 0.125 0.9375
vt 0.1875 0.9375
vt 0.125 1
vt 0.125 0.9375
vt 0.1875 0.9375
vt 0.1875 1
vt 0.1875 1
vt 0.125 1
vt 0.125 0.9375
vt 0.1875 0.9375
vt 0.1875 0.9375
vt 0.1875 1
vt 0.125 1
vt 0.125 0.9375
vt 0.125 0.9375
vt 0.1875 0.9375
vt 0.1875 1
vt 0.125 1
vt 0.1875 0.9375
vt 0.1875 1
vt 0.125 1
vt 0.125 0.9375
vt 0.1875 0.9375
vt 0.1875 1
vt 0.125 1
vt 0.125 0.9375
vt 0.1875 1
vt 0.125 1
vt 0.125 0.9375
vt 0.1875 0.9375
vt 0.1875 1
vt 0.125 1
vt 0.125 0.9375
vt 0.1875 0.9375
vt 0.1875 0.9375
vt 0.1875 1
vt 0.125 1
vt 0.125 0.9375
vt 0.125 0.9375
vt 0.1875 0.9375
vt 0.1875 1
vt 0.125 1
vt 0.1875 0.9375
vt 0.1875 1
vt 0.125 1
vt 0.125 0.9375
vt 0.1875 0.9375
vt 0.1875 1
vt 0.125 1
vt 0.125 0.9375
vt 0.1875 1
vt 0.125 1
vt 0.125 0.9375
vt 0.1875 0.9375
vt 0.125 1
vt 0.125 0.9375
vt 0.1875 0.9375
vt 0.1875 1
vt 0.1875 1
vt 0.125 1
vt 0.125 0.9375
vt 0.1875 0.9375
vt 0.1875 0.9375
vt 0.1875 1
vt 0.125 1
vt 0.125 0.9375
vt 0.1875 1
vt 0.125 1
vt 0.125 0.9375
vt 0.1875 0.9375
vt 0.1875 1
vt 0.125 1
vt 0.125 0.9375
vt 0.1875 0.9375
vt 0.125 1
vt 0.125 0.9375
vt 0.1875 0.9375
vt 0.1875 1
vt 0.1875 1
vt 0.125 1
vt 0.125 0.9375
vt 0.1875 0.9375
vt 0.1875 0.9375
vt 0.1875 1
vt 0.125 1
vt 0.125 0.9375
vt 0.125 0.9375
vt 0.1875 0.9375
vt 0.1875 1
vt 0.125 1
vt 0.1875 0.9375
vt 0.1875 1
vt 0.125 1
vt 0.125 0.9375
vt 0.1875 0.9375
vt 0.1875 1
vt 0.125 1
vt 0.125 0.9375
vt 0.1875 1
vt 0.125 1
vt 0.125 0.9375
vt 0.1875 0.9375
vt 0.1875 1
vt 0.125 1
vt 0.125 0.9375
vt 0.1875 0.9375
vt 0.1875 0.9375
vt 0.1875 1
vt 0.125 1
vt 0.125 0.9375
vt 0.125 0.9375
vt 0.1875 0.9375
vt 0.1875 1
vt 0.125 1
vt 0.1875 0.9375
vt 0.1875 1
vt 0.125 1
vt 0.125 0.9375
vt 0.1875 0.9375
vt 0.1875 1
vt 0.125 1
vt 0.125 0.9375
vt 0.1875 1
vt 0.125 1
vt 0.125 0.9375
vt 0.1875 0.9375
vt 0.125 1
vt 0.125 0.9375
vt 0.1875 0.9375
vt 0.1875 1
vt 0.1875 1
vt 0.125 1
vt 0.125 0.9375
vt 0.1875 0.9375
vt 0.1875 0.9375
vt 0.1875 1
vt 0.125 1
vt 0.125 0.9375
vt 0.1875 1
vt 0.125 1
vt 0.125 0.9375
vt 0.1875 0.9375
vt 0.1875 1
vt 0.125 1
vt 0.125 0.9375
vt 0.1875 0.9375
vt 0.125 1
vt 0.125 0.9375
vt 0.1875 0.9375
vt 0.1875 1
vt 0.1875 1
vt 0.125 1
vt 0.125 0.9375
vt 0.1875 0.9375
vt 0.1875 0.9375
vt 0.1875 1
vt 0.125 1
vt 0.125 0.9375
vt 0.125 0.9375
vt 0.1875 0.9375
vt 0.1875 1
vt 0.125 1
vt 0.1875 0.9375
vt 0.1875 1
vt 0.125 1
vt 0.125 0.9375
vt 0.1875 0.9375
vt 0.1875 1
vt 0.125 1
vt 0.125 0.9375
vt 0.1875 1
vt 0.125 1
vt 0.125 0.9375
vt 0.1875 0.9375
vt 0.0625 1
vt 0 1
vt 0 0.96875
vt 0.0625 0.96875
vt 0.0625 0.96875
vt 0.0625 1
vt 0 1
vt 0 0.96875
vt 0 0.875
vt 0.0625 0.875
vt 0.0625 0.9375
vt 0 0.9375
vt 0.0625 0.9375
vt 0.0625 1
vt 0 1
vt 0 0.9375
vt 1 0
vt 1 0.03125
vt 0.9375 0.03125
vt 0.9375 0
vt 1 0.03125
vt 0.9375 0.03125
vt 0.9375 0
vt 1 0
vt 0.0625 1
vt 0 1
vt 0 0.96875
vt 0.0625 0.96875
vt 0.0625 0.96875
vt 0.0625 1
vt 0 1
vt 0 0.96875
vt 0 0.875
vt 0.0625 0.875
vt 0.0625 0.9375
vt 0 0.9375
vt 0.0625 0.9375
vt 0.0625 1
vt 0 1
vt 0 0.9375
vt 1 0
vt 1 0.03125
vt 0.9375 0.03125
vt 0.9375 0
vt 1 0.03125
vt 0.9375 0.03125
vt 0.9375 0
vt 1 0
vt 0.0625 1
vt 0 1
vt 0 0.96875
vt 0.0625 0.96875
vt 0.0625 0.96875
vt 0.0625 1
vt 0 1
vt 0 0.96875
vt 0 0.875
vt 0.0625 0.875
vt 0.0625 0.9375
vt 0 0.9375
vt 0.0625 0.9375
vt 0.0625 1
vt 0 1
vt 0 0.9375
vt 1 0
vt 1 0.03125
vt 0.9375 0.03125
vt 0.9375 0
vt 1 0.03125
vt 0.9375 0.03125
vt 0.9375 0
vt 1 0
vt 0.0625 1
vt 0 1
vt 0 0.96875
vt 0.0625 0.96875
vt 0.0625 0.96875
vt 0.0625 1
vt 0 1
vt 0 0.96875
vt 0 0.875
vt 0.0625 0.875
vt 0.0625 0.9375
vt 0 0.9375
vt 0.0625 0.9375
vt 0.0625 1
vt 0 1
vt 0 0.9375
vt 1 0
vt 1 0.03125
vt 0.9375 0.03125
vt 0.9375 0
vt 1 0.03125
vt 0.9375 0.03125
vt 0.9375 0
vt 1 0
vt 0.0625 1
vt 0 1
vt 0 0.96875
vt 0.0625 0.96875
vt 0.0625 0.96875
vt 0.0625 1
vt 0 1
vt 0 0.96875
vt 0 0.875
vt 0.0625 0.875
vt 0.0625 0.9375
vt 0 0.9375
vt 0.0625 0.9375
vt 0.0625 1
vt 0 1
vt 0 0.9375
vt 1 0
vt 1 0.03125
vt 0.9375 0.03125
vt 0.9375 0
vt 1 0.03125
vt 0.9375 0.03125
vt 0.9375 0
vt 1 0
vt 0.0546875 1
vt 0 1
vt 0 0.96875
vt 0.0546875 0.96875
vt 0.0546875 0.96875
vt 0.0546875 1
vt 0 1
vt 0 0.96875
vt 0 0.8828125
vt 0.0625 0.8828125
vt 0.0625 0.9375
vt 0 0.9375
vt 0.0625 0.9375
vt 0.0625 0.9921875
vt 0 0.9921875
vt 0 0.9375
vt 1 0
vt 1 0.03125
vt 0.9375 0.03125
vt 0.9375 0
vt 1 0.03125
vt 0.9375 0.03125
vt 0.9375 0
vt 1 0
vt 0.0546875 1
vt 0 1
vt 0 0.96875
vt 0.0546875 0.96875
vt 0.0625 0.96875
vt 0.0625 1
vt 0.0078125 1
vt 0.0078125 0.96875
vt 0 0.875
vt 0.0625 0.875
vt 0.0625 0.9296875
vt 0 0.9296875
vt 0.0625 0.9453125
vt 0.0625 1
vt 0 1
vt 0 0.9453125
vt 1 0
vt 1 0.03125
vt 0.9375 0.03125
vt 0.9375 0
vt 1 0.03125
vt 0.9375 0.03125
vt 0.9375 0
vt 1 0
vt 0.0546875 1
vt 0 1
vt 0 0.96875
vt 0.0546875 0.96875
vt 0.0546875 0.96875
vt 0.0546875 1
vt 0 1
vt 0 0.96875
vt 0 0.8828125
vt 0.0625 0.8828125
vt 0.0625 0.9375
vt 0 0.9375
vt 0.0625 0.9375
vt 0.0625 0.9921875
vt 0 0.9921875
vt 0 0.9375
vt 1 0
vt 1 0.03125
vt 0.9375 0.03125
vt 0.9375 0
vt 1 0.03125
vt 0.9375 0.03125
vt 0.9375 0
vt 1 0
vt 0.0625 1
vt 0 1
vt 0 0.96875
vt 0.0625 0.96875
vt 0.0625 0.96875
vt 0.0625 1
vt 0 1
vt 0 0.96875
vt 0 0.875
vt 0.0625 0.875
vt 0.0625 0.9375
vt 0 0.9375
vt 0.0625 0.9375
vt 0.0625 1
vt 0 1
vt 0 0.9375
vt 1 0
vt 1 0.03125
vt 0.9375 0.03125
vt 0.9375 0
vt 1 0.03125
vt 0.9375 0.03125
vt 0.9375 0
vt 1 0
vt 0.0546875 1
vt 0 1
vt 0 0.96875
vt 0.0546875 0.96875
vt 0.0625 0.96875
vt 0.0625 1
vt 0.0078125 1
vt 0.0078125 0.96875
vt 0 0.875
vt 0.0625 0.875
vt 0.0625 0.9296875
vt 0 0.9296875
vt 0.0625 0.9453125
vt 0.0625 1
vt 0 1
vt 0 0.9453125
vt 1 0
vt 1 0.03125
vt 0.9375 0.03125
vt 0.9375 0
vt 1 0.03125
vt 0.9375 0.03125
vt 0.9375 0
vt 1 0
vt 0.0546875 1
vt 0 1
vt 0 0.96875
vt 0.0546875 0.96875
vt 0.0546875 0.96875
vt 0.0546875 1
vt 0 1
vt 0 0.96875
vt 0 0.8828125
vt 0.0625 0.8828125
vt 0.0625 0.9375
vt 0 0.9375
vt 0.0625 0.9375
vt 0.0625 0.9921875
vt 0 0.9921875
vt 0 0.9375
vt 1 0
vt 1 0.03125
vt 0.9375 0.03125
vt 0.9375 0
vt 1 0.03125
vt 0.9375 0.03125
vt 0.9375 0
vt 1 0
vt 0.0625 1
vt 0 1
vt 0 0.96875
vt 0.0625 0.96875
vt 0.0625 0.96875
vt 0.0625 1
vt 0 1
vt 0 0.96875
vt 0 0.875
vt 0.0625 0.875
vt 0.0625 0.9375
vt 0 0.9375
vt 0.0625 0.9375
vt 0.0625 1
vt 0 1
vt 0 0.9375
vt 1 0
vt 1 0.03125
vt 0.9375 0.03125
vt 0.9375 0
vt 1 0.03125
vt 0.9375 0.03125
vt 0.9375 0
vt 1 0
vt 0.0546875 1
vt 0 1
vt 0 0.96875
vt 0.0546875 0.96875
vt 0.0625 0.96875
vt 0.0625 1
vt 0.0078125 1
vt 0.0078125 0.96875
vt 0 0.875
vt 0.0625 0.875
vt 0.0625 0.9296875
vt 0 0.9296875
vt 0.0625 0.9453125
vt 0.0625 1
vt 0 1
vt 0 0.9453125
vt 1 0
vt 1 0.03125
vt 0.9375 0.03125
vt 0.9375 0
vt 1 0.03125
vt 0.9375 0.03125
vt 0.9375 0
vt 1 0
vt 0.0546875 1
vt 0 1
vt 0 0.96875
vt 0.0546875 0.96875
vt 0.0546875 0.96875
vt 0.0546875 1
vt 0 1
vt 0 0.96875
vt 0 0.8828125
vt 0.0625 0.8828125
vt 0.0625 0.9375
vt 0 0.9375
vt 0.0625 0.9375
vt 0.0625 0.9921875
vt 0 0.9921875
vt 0 0.9375
vt 1 0
vt 1 0.03125
vt 0.9375 0.03125
vt 0.9375 0
vt 1 0.03125
vt 0.9375 0.03125
vt 0.9375 0
vt 1 0
vt 0.0625 1
vt 0 1
vt 0 0.96875
vt 0.0625 0.96875
vt 0.0625 0.96875
vt 0.0625 1
vt 0 1
vt 0 0.96875
vt 0 0.875
vt 0.0625 0.875
vt 0.0625 0.9375
vt 0 0.9375
vt 0.0625 0.9375
vt 0.0625 1
vt 0 1
vt 0 0.9375
vt 1 0
vt 1 0.03125
vt 0.9375 0.03125
vt 0.9375 0
vt 1 0.03125
vt 0.9375 0.03125
vt 0.9375 0
vt 1 0
vt 0.0546875 1
vt 0 1
vt 0 0.96875
vt 0.0546875 0.96875
vt 0.0625 0.96875
vt 0.0625 1
vt 0.0078125 1
vt 0.0078125 0.96875
vt 0 0.875
vt 0.0625 0.875
vt 0.0625 0.9296875
vt 0 0.9296875
vt 0.0625 0.9453125
vt 0.0625 1
vt 0 1
vt 0 0.9453125
vt 1 0
vt 1 0.03125
vt 0.9375 0.03125
vt 0.9375 0
vt 1 0.03125
vt 0.9375 0.03125
vt 0.9375 0
vt 1 0
vt 0.0625 1
vt 0 1
vt 0 0.96875
vt 0.0625 0.96875
vt 0.0625 0.96875
vt 0.0625 1
vt 0 1
vt 0 0.96875
vt 0 0.875
vt 0.0625 0.875
vt 0.0625 0.9375
vt 0 0.9375
vt 0.0625 0.9375
vt 0.0625 1
vt 0 1
vt 0 0.9375
vt 1 0
vt 1 0.03125
vt 0.9375 0.03125
vt 0.9375 0
vt 1 0.03125
vt 0.9375 0.03125
vt 0.9375 0
vt 1 0
vt 0.0625 1
vt 0 1
vt 0 0.96875
vt 0.0625 0.96875
vt 0.0625 0.96875
vt 0.0625 1
vt 0 1
vt 0 0.96875
vt 0 0.875
vt 0.0625 0.875
vt 0.0625 0.9375
vt 0 0.9375
vt 0.0625 0.9375
vt 0.0625 1
vt 0 1
vt 0 0.9375
vt 1 0
vt 1 0.03125
vt 0.9375 0.03125
vt 0.9375 0
vt 1 0.03125
vt 0.9375 0.03125
vt 0.9375 0
vt 1 0
vt 0.0625 1
vt 0 1
vt 0 0.96875
vt 0.0625 0.96875
vt 0.0625 0.96875
vt 0.0625 1
vt 0 1
vt 0 0.96875
vt 0 0.875
vt 0.0625 0.875
vt 0.0625 0.9375
vt 0 0.9375
vt 0.0625 0.9375
vt 0.0625 1
vt 0 1
vt 0 0.9375
vt 1 0
vt 1 0.03125
vt 0.9375 0.03125
vt 0.9375 0
vt 1 0.03125
vt 0.9375 0.03125
vt 0.9375 0
vt 1 0
vt 0.0625 1
vt 0 1
vt 0 0.96875
vt 0.0625 0.96875
vt 0.0625 0.96875
vt 0.0625 1
vt 0 1
vt 0 0.96875
vt 0 0.875
vt 0.0625 0.875
vt 0.0625 0.9375
vt 0 0.9375
vt 0.0625 0.9375
vt 0.0625 1
vt 0 1
vt 0 0.9375
vt 1 0
vt 1 0.03125
vt 0.9375 0.03125
vt 0.9375 0
vt 1 0.03125
vt 0.9375 0.03125
vt 0.9375 0
vt 1 0
vt 0.1875 1
vt 0.125 1
vt 0.125 0.9375
vt 0.1875 0.9375
vt 0.1875 0.9375
vt 0.1875 1
vt 0.125 1
vt 0.125 0.9375
vt 0.125 0.9375
vt 0.1875 0.9375
vt 0.1875 1
vt 0.125 1
vt 0.1875 0.9375
vt 0.1875 1
vt 0.125 1
vt 0.125 0.9375
vt 0.1875 0.9375
vt 0.1875 1
vt 0.125 1
vt 0.125 0.9375
vt 0.1875 1
vt 0.125 1
vt 0.125 0.9375
vt 0.1875 0.9375
vt 0.125 1
vt 0.125 0.9375
vt 0.1875 0.9375
vt 0.1875 1
vt 0.1875 1
vt 0.125 1
vt 0.125 0.9375
vt 0.1875 0.9375
vt 0.1875 0.9375
vt 0.1875 1
vt 0.125 1
vt 0.125 0.9375
vt 0.1875 1
vt 0.125 1
vt 0.125 0.9375
vt 0.1875 0.9375
vt 0.1875 1
vt 0.125 1
vt 0.125 0.9375
vt 0.1875 0.9375
vt 0.125 1
vt 0.125 0.9375
vt 0.1875 0.9375
vt 0.1875 1
vt 0.1875 1
vt 0.125 1
vt 0.125 0.9375
vt 0.1875 0.9375
vt 0.1875 0.9375
vt 0.1875 1
vt 0.125 1
vt 0.125 0.9375
vt 0.125 0.9375
vt 0.1875 0.9375
vt 0.1875 1
vt 0.125 1
vt 0.1875 0.9375
vt 0.1875 1
vt 0.125 1
vt 0.125 0.9375
vt 0.1875 0.9375
vt 0.1875 1
vt 0.125 1
vt 0.125 0.9375
vt 0.1875 1
vt 0.125 1
vt 0.125 0.9375
vt 0.1875 0.9375
vt 0.1875 1
vt 0.125 1
vt 0.125 0.9375
vt 0.1875 0.9375
vt 0.1875 0.9375
vt 0.1875 1
vt 0.125 1
vt 0.125 0.9375
vt 0.125 0.9375
vt 0.1875 0.9375
vt 0.1875 1
vt 0.125 1
vt 0.1875 0.9375
vt 0.1875 1
vt 0.125 1
vt 0.125 0.9375
vt 0.1875 0.9375
vt 0.1875 1
vt 0.125 1
vt 0.125 0.9375
vt 0.1875 1
vt 0.125 1
vt 0.125 0.9375
vt 0.1875 0.9375
vt 0.125 1
vt 0.125 0.9375
vt 0.1875 0.9375
vt 0.1875 1
vt 0.1875 1
vt 0.125 1
vt 0.125 0.9375
vt 0.1875 0.9375
vt 0.1875 0.9375
vt 0.1875 1
vt 0.125 1
vt 0.125 0.9375
vt 0.1875 1
vt 0.125 1
vt 0.125 0.9375
vt 0.1875 0.9375
vt 0.1875 1
vt 0.125 1
vt 0.125 0.9375
vt 0.1875 0.9375
vt 0.125 1
vt 0.125 0.9375
vt 0.1875 0.9375
vt 0.1875 1
vt 0.1875 1
vt 0.125 1
vt 0.125 0.9375
vt 0.1875 0.9375
vt 0.1875 0.9375
vt 0.1875 1
vt 0.125 1
vt 0.125 0.9375
vt 0.125 0.9375
vt 0.1875 0.9375
vt 0.1875 1
vt 0.125 1
vt 0.1875 0.9375
vt 0.1875 1
vt 0.125 1
vt 0.125 0.9375
vt 0.1875 0.9375
vt 0.1875 1
vt 0.125 1
vt 0.125 0.9375
vt 0.1875 1
vt 0.125 1
vt 0.125 0.9375
vt 0.1875 0.9375
vt 0.1875 1
vt 0.125 1
vt 0.125 0.9375
vt 0.1875 0.9375
vt 0.1875 0.9375
vt 0.1875 1
vt 0.125 1
vt 0.125 0.9375
vt 0.125 0.9375
vt 0.1875 0.9375
vt 0.1875 1
vt 0.125 1
vt 0.1875 0.9375
vt 0.1875 1
vt 0.125 1
vt 0.125 0.9375
vt 0.1875 0.9375
vt 0.1875 1
vt 0.125 1
vt 0.125 0.9375
vt 0.1875 1
vt 0.125 1
vt 0.125 0.9375
vt 0.1875 0.9375
vt 0.125 1
vt 0.125 0.9375
vt 0.1875 0.9375
vt 0.1875 1
vt 0.1875 1
vt 0.125 1
vt 0.125 0.9375
vt 0.1875 0.9375
vt 0.1875 0.9375
vt 0.1875 1
vt 0.125 1
vt 0.125 0.9375
vt 0.1875 1
vt 0.125 1
vt 0.125 0.9375
vt 0.1875 0.9375
vt 0.1875 1
vt 0.125 1
vt 0.125 0.9375
vt 0.1875 0.9375
vt 0.125 1
vt 0.125 0.9375
vt 0.1875 0.9375
vt 0.1875 1
vt 0.1875 1
vt 0.125 1
vt 0.125 0.9375
vt 0.1875 0.9375
vt 0.1875 0.9375
vt 0.1875 1
vt 0.125 1
vt 0.125 0.9375
vt 0.125 0.9375
vt 0.1875 0.9375
vt 0.1875 1
vt 0.125 1
vt 0.1875 0.9375
vt 0.1875 1
vt 0.125 1
vt 0.125 0.9375
vt 0.1875 0.9375
vt 0.1875 1
vt 0.125 1
vt 0.125 0.9375
vt 0.1875 1
vt 0.125 1
vt 0.125 0.9375
vt 0.1875 0.9375
vt 0.1875 1
vt 0.125 1
vt 0.125 0.9375
vt 0.1875 0.9375
vt 0.1875 0.9375
vt 0.1875 1
vt 0.125 1
vt 0.125 0.9375
vt 0.125 0.9375
vt 0.1875 0.9375
vt 0.1875 1
vt 0.125 1
vt 0.1875 0.9375
vt 0.1875 1
vt 0.125 1
vt 0.125 0.9375
vt 0.1875 0.9375
vt 0.1875 1
vt 0.125 1
vt 0.125 0.9375
vt 0.1875 1
vt 0.125 1
vt 0.125 0.9375
vt 0.1875 0.9375
vt 0.125 1
vt 0.125 0.9375
vt 0.1875 0.9375
vt 0.1875 1
vt 0.1875 1
vt 0.125 1
vt 0.125 0.9375
vt 0.1875 0.9375
vt 0.1875 0.9375
vt 0.1875 1
vt 0.125 1
vt 0.125 0.9375
vt 0.1875 1
vt 0.125 1
vt 0.125 0.9375
vt 0.1875 0.9375
vt 0.1875 1
vt 0.125 1
vt 0.125 0.9375
vt 0.1875 0.9375
vt 0.125 1
vt 0.125 0.9375
vt 0.1875 0.9375
vt 0.1875 1
vt 0.1875 1
vt 0.125 1
vt 0.125 0.9375
vt 0.1875 0.9375
vt 0.1875 0.9375
vt 0.1875 1
vt 0.125 1
vt 0.125 0.9375
vt 0.125 0.9375
vt 0.1875 0.9375
vt 0.1875 1
vt 0.125 1
vt 0.1875 0.9375
vt 0.1875 1
vt 0.125 1
vt 0.125 0.9375
vt 0.1875 0.9375
vt 0.1875 1
vt 0.125 1
vt 0.125 0.9375
vt 0.1875 1
vt 0.125 1
vt 0.125 0.9375
vt 0.1875 0.9375
vt 0.4375 0.703125
vt 0.1875 0.703125
vt 0.1875 0.6875
vt 0.4375 0.6875
vt 0.4375 0.6875
vt 0.4375 0.703125
vt 0.1875 0.703125
vt 0.1875 0.6875
vt 0.4375 0.6875
vt 0.4375 0.703125
vt 0.1875 0.703125
vt 0.1875 0.6875
vt 0.4375 0.703125
vt 0.1875 0.703125
vt 0.1875 0.6875
vt 0.4375 0.6875
vt 0.203125 0.6875
vt 0.203125 0.703125
vt 0.1875 0.703125
vt 0.1875 0.6875
vt 0.203125 0.703125
vt 0.1875 0.703125
vt 0.1875 0.6875
vt 0.203125 0.6875
vt 0.4375 0.703125
vt 0.1875 0.703125
vt 0.1875 0.6875
vt 0.4375 0.6875
vt 0.4375 0.6875
vt 0.4375 0.703125
vt 0.1875 0.703125
vt 0.1875 0.6875
vt 0.4375 0.6875
vt 0.4375 0.703125
vt 0.1875 0.703125
vt 0.1875 0.6875
vt 0.4375 0.703125
vt 0.1875 0.703125
vt 0.1875 0.6875
vt 0.4375 0.6875
vt 0.203125 0.6875
vt 0.203125 0.703125
vt 0.1875 0.703125
vt 0.1875 0.6875
vt 0.203125 0.703125
vt 0.1875 0.703125
vt 0.1875 0.6875
vt 0.203125 0.6875
vt 0.4375 0.703125
vt 0.1875 0.703125
vt 0.1875 0.6875
vt 0.4375 0.6875
vt 0.4375 0.6875
vt 0.4375 0.703125
vt 0.1875 0.703125
vt 0.1875 0.6875
vt 0.4375 0.6875
vt 0.4375 0.703125
vt 0.1875 0.703125
vt 0.1875 0.6875
vt 0.4375 0.703125
vt 0.1875 0.703125
vt 0.1875 0.6875
vt 0.4375 0.6875
vt 0.203125 0.6875
vt 0.203125 0.703125
vt 0.1875 0.703125
vt 0.1875 0.6875
vt 0.203125 0.703125
vt 0.1875 0.703125
vt 0.1875 0.6875
vt 0.203125 0.6875
vt 0.4375 0.703125
vt 0.1875 0.703125
vt 0.1875 0.6875
vt 0.4375 0.6875
vt 0.4375 0.6875
vt 0.4375 0.703125
vt 0.1875 0.703125
vt 0.1875 0.6875
vt 0.4375 0.6875
vt 0.4375 0.703125
vt 0.1875 0.703125
vt 0.1875 0.6875
vt 0.4375 0.703125
vt 0.1875 0.703125
vt 0.1875 0.6875
vt 0.4375 0.6875
vt 0.203125 0.6875
vt 0.203125 0.703125
vt 0.1875 0.703125
vt 0.1875 0.6875
vt 0.203125 0.703125
vt 0.1875 0.703125
vt 0.1875 0.6875
vt 0.203125 0.6875
vt 0.41015625 0.703125
vt 0.2109375 0.703125
vt 0.2109375 0.6875
vt 0.41015625 0.6875
vt 0.4140625 0.6875
vt 0.4140625 0.703125
vt 0.21484375 0.703125
vt 0.21484375 0.6875
vt 0.412109375 0.6875
vt 0.412109375 0.703125
vt 0.212890625 0.703125
vt 0.212890625 0.6875
vt 0.412109375 0.703125
vt 0.212890625 0.703125
vt 0.212890625 0.6875
vt 0.412109375 0.6875
vt 0.203125 0.6875
vt 0.203125 0.703125
vt 0.1875 0.703125
vt 0.1875 0.6875
vt 0.203125 0.703125
vt 0.1875 0.703125
vt 0.1875 0.6875
vt 0.203125 0.6875
vt 0.41015625 0.703125
vt 0.2109375 0.703125
vt 0.2109375 0.6875
vt 0.41015625 0.6875
vt 0.4140625 0.6875
vt 0.4140625 0.703125
vt 0.21484375 0.703125
vt 0.21484375 0.6875
vt 0.412109375 0.6875
vt 0.412109375 0.703125
vt 0.212890625 0.703125
vt 0.212890625 0.6875
vt 0.412109375 0.703125
vt 0.212890625 0.703125
vt 0.212890625 0.6875
vt 0.412109375 0.6875
vt 0.203125 0.6875
vt 0.203125 0.703125
vt 0.1875 0.703125
vt 0.1875 0.6875
vt 0.203125 0.703125
vt 0.1875 0.703125
vt 0.1875 0.6875
vt 0.203125 0.6875
vt 0.41015625 0.703125
vt 0.2109375 0.703125
vt 0.2109375 0.6875
vt 0.41015625 0.6875
vt 0.4140625 0.6875
vt 0.4140625 0.703125
vt 0.21484375 0.703125
vt 0.21484375 0.6875
vt 0.412109375 0.6875
vt 0.412109375 0.703125
vt 0.212890625 0.703125
vt 0.212890625 0.6875
vt 0.412109375 0.703125
vt 0.212890625 0.703125
vt 0.212890625 0.6875
vt 0.412109375 0.6875
vt 0.203125 0.6875
vt 0.203125 0.703125
vt 0.1875 0.703125
vt 0.1875 0.6875
vt 0.203125 0.703125
vt 0.1875 0.703125
vt 0.1875 0.6875
vt 0.203125 0.6875
vt 0.41015625 0.703125
vt 0.2109375 0.703125
vt 0.2109375 0.6875
vt 0.41015625 0.6875
vt 0.4140625 0.6875
vt 0.4140625 0.703125
vt 0.21484375 0.703125
vt 0.21484375 0.6875
vt 0.412109375 0.6875
vt 0.412109375 0.703125
vt 0.212890625 0.703125
vt 0.212890625 0.6875
vt 0.412109375 0.703125
vt 0.212890625 0.703125
vt 0.212890625 0.6875
vt 0.412109375 0.6875
vt 0.203125 0.6875
vt 0.203125 0.703125
vt 0.1875 0.703125
vt 0.1875 0.6875
vt 0.203125 0.703125
vt 0.1875 0.703125
vt 0.1875 0.6875
vt 0.203125 0.6875
vt 0.61328125 1
vt 0.4375 1
vt 0.4375 0.875
vt 0.61328125 0.875
vt 0.61328125 0.875
vt 0.61328125 1
vt 0.4375 1
vt 0.4375 0.875
vt 0.61328125 1
vt 0.61328125 0.96875
vt 0.4375 0.96875
vt 0.4375 1
vt 0.556640625 0.927734375
vt 0.380859375 0.927734375
vt 0.380859375 0.896484375
vt 0.556640625 0.896484375
vt 0.484375 0.875
vt 0.484375 1
vt 0.453125 1
vt 0.453125 0.875
vt 0.484375 1
vt 0.453125 1
vt 0.453125 0.875
vt 0.484375 0.875
vt 0.21875 1
vt 0.1875 1
vt 0.1875 0.875
vt 0.21875 0.875
vt 0.21875 0.875
vt 0.21875 1
vt 0.1875 1
vt 0.1875 0.875
vt 0.1875 1
vt 0.4375 1
vt 0.4375 0.96875
vt 0.1875 0.96875
vt 0.4375 0.84375
vt 0.4375 0.875
vt 0.1875 0.875
vt 0.1875 0.84375
vt 0.4375 0.875
vt 0.4375 1
vt 0.1875 1
vt 0.1875 0.875
vt 0.4375 1
vt 0.1875 1
vt 0.1875 0.875
vt 0.4375 0.875
vt 0.61328125 1
vt 0.4375 1
vt 0.4375 0.875
vt 0.61328125 0.875
vt 0.61328125 0.875
vt 0.61328125 1
vt 0.4375 1
vt 0.4375 0.875
vt 0.61328125 1
vt 0.61328125 0.96875
vt 0.4375 0.96875
vt 0.4375 1
vt 0.556640625 0.927734375
vt 0.380859375 0.927734375
vt 0.380859375 0.896484375
vt 0.556640625 0.896484375
vt 0.484375 0.875
vt 0.484375 1
vt 0.453125 1
vt 0.453125 0.875
vt 0.484375 1
vt 0.453125 1
vt 0.453125 0.875
vt 0.484375 0.875
vt 0.21875 1
vt 0.1875 1
vt 0.1875 0.875
vt 0.21875 0.875
vt 0.21875 0.875
vt 0.21875 1
vt 0.1875 1
vt 0.1875 0.875
vt 0.1875 1
vt 0.4375 1
vt 0.4375 0.96875
vt 0.1875 0.96875
vt 0.4375 0.84375
vt 0.4375 0.875
vt 0.1875 0.875
vt 0.1875 0.84375
vt 0.4375 0.875
vt 0.4375 1
vt 0.1875 1
vt 0.1875 0.875
vt 0.4375 1
vt 0.1875 1
vt 0.1875 0.875
vt 0.4375 0.875
vt 0.61328125 1
vt 0.4375 1
vt 0.4375 0.875
vt 0.61328125 0.875
vt 0.61328125 0.875
vt 0.61328125 1
vt 0.4375 1
vt 0.4375 0.875
vt 0.61328125 1
vt 0.61328125 0.96875
vt 0.4375 0.96875
vt 0.4375 1
vt 0.556640625 0.927734375
vt 0.380859375 0.927734375
vt 0.380859375 0.896484375
vt 0.556640625 0.896484375
vt 0.484375 0.875
vt 0.484375 1
vt 0.453125 1
vt 0.453125 0.875
vt 0.484375 1
vt 0.453125 1
vt 0.453125 0.875
vt 0.484375 0.875
vt 0.21875 1
vt 0.1875 1
vt 0.1875 0.875
vt 0.21875 0.875
vt 0.21875 0.875
vt 0.21875 1
vt 0.1875 1
vt 0.1875 0.875
vt 0.1875 1
vt 0.4375 1
vt 0.4375 0.96875
vt 0.1875 0.96875
vt 0.4375 0.84375
vt 0.4375 0.875
vt 0.1875 0.875
vt 0.1875 0.84375
vt 0.4375 0.875
vt 0.4375 1
vt 0.1875 1
vt 0.1875 0.875
vt 0.4375 1
vt 0.1875 1
vt 0.1875 0.875
vt 0.4375 0.875
vt 0.61328125 1
vt 0.4375 1
vt 0.4375 0.875
vt 0.61328125 0.875
vt 0.61328125 0.875
vt 0.61328125 1
vt 0.4375 1
vt 0.4375 0.875
vt 0.61328125 1
vt 0.61328125 0.96875
vt 0.4375 0.96875
vt 0.4375 1
vt 0.556640625 0.927734375
vt 0.380859375 0.927734375
vt 0.380859375 0.896484375
vt 0.556640625 0.896484375
vt 0.484375 0.875
vt 0.484375 1
vt 0.453125 1
vt 0.453125 0.875
vt 0.484375 1
vt 0.453125 1
vt 0.453125 0.875
vt 0.484375 0.875
vt 0.21875 1
vt 0.1875 1
vt 0.1875 0.875
vt 0.21875 0.875
vt 0.21875 0.875
vt 0.21875 1
vt 0.1875 1
vt 0.1875 0.875
vt 0.1875 1
vt 0.4375 1
vt 0.4375 0.96875
vt 0.1875 0.96875
vt 0.4375 0.84375
vt 0.4375 0.875
vt 0.1875 0.875
vt 0.1875 0.84375
vt 0.4375 0.875
vt 0.4375 1
vt 0.1875 1
vt 0.1875 0.875
vt 0.4375 1
vt 0.1875 1
vt 0.1875 0.875
vt 0.4375 0.875
vt 0.6875 0.84375
vt 0.4375 0.84375
vt 0.4375 0.8125
vt 0.6875 0.8125
vt 0.6875 0.8125
vt 0.6875 0.84375
vt 0.4375 0.84375
vt 0.4375 0.8125
vt 0.4375 0.59375
vt 0.6875 0.59375
vt 0.6875 0.84375
vt 0.4375 0.84375
vt 0.6875 0.59375
vt 0.6875 0.84375
vt 0.4375 0.84375
vt 0.4375 0.59375
vt 0.6875 0.8125
vt 0.6875 0.84375
vt 0.4375 0.84375
vt 0.4375 0.8125
vt 0.6875 0.84375
vt 0.4375 0.84375
vt 0.4375 0.8125
vt 0.6875 0.8125
vt 0.4375 0.84375
vt 0.1875 0.84375
vt 0.1875 0.8125
vt 0.4375 0.8125
vt 0.4375 0.70399609375
vt 0.4375 0.84375
vt 0.1875 0.84375
vt 0.1875 0.70399609375
vt 0.1875 0.84375
vt 0.1875 0.714903125
vt 0.4375 0.714903125
vt 0.4375 0.84375
vt 0.3125 0.8125
vt 0.1875 0.84375
vt 0.3125 0.78125
vt 0.3125 0.84375
vt 0.1875 0.8125
vt 0.1875 0.78125
vt 0.4375 0.84375
vt 0.1875 0.84375
vt 0.1875 0.8125
vt 0.4375 0.8125
vt 0.4375 0.70399609375
vt 0.4375 0.84375
vt 0.1875 0.84375
vt 0.1875 0.70399609375
vt 0.1875 0.84375
vt 0.1875 0.714903125
vt 0.4375 0.714903125
vt 0.4375 0.84375
vt 0.3125 0.8125
vt 0.1875 0.84375
vt 0.3125 0.78125
vt 0.3125 0.84375
vt 0.1875 0.8125
vt 0.1875 0.78125
vt 0.34375 0.7354968749999999
vt 0.21875 0.7042468749999999
vt 0.34375 0.7667468749999999
vt 0.3955265625 0.7120593749999999
vt 0.21875 0.7120593749999999
vt 0.30713828125 0.8058093749999999
vt 0.3955265625 0.7042468749999999
vt 0.21875 0.7042468749999999
vt 0.30713828125 0.8125
vt 0.34375 0.7042468749999999
vt 0.21875 0.7354968749999999
vt 0.21875 0.7667468749999999
vt 0.34375 0.7354968749999999
vt 0.21875 0.7042468749999999
vt 0.34375 0.7667468749999999
vt 0.3955265625 0.7120593749999999
vt 0.21875 0.7120593749999999
vt 0.30713828125 0.8058093749999999
vt 0.3955265625 0.7042468749999999
vt 0.21875 0.7042468749999999
vt 0.30713828125 0.8125
vt 0.34375 0.7042468749999999
vt 0.21875 0.7354968749999999
vt 0.21875 0.7667468749999999
vt 0.34375 0.7354968749999999
vt 0.21875 0.7042468749999999
vt 0.34375 0.7667468749999999
vt 0.3955265625 0.7120593749999999
vt 0.21875 0.7120593749999999
vt 0.30713828125 0.8058093749999999
vt 0.3955265625 0.7042468749999999
vt 0.21875 0.7042468749999999
vt 0.30713828125 0.8125
vt 0.34375 0.7042468749999999
vt 0.21875 0.7354968749999999
vt 0.21875 0.7667468749999999
vt 0.34375 0.7354968749999999
vt 0.21875 0.7042468749999999
vt 0.34375 0.7667468749999999
vt 0.3955265625 0.7120593749999999
vt 0.21875 0.7120593749999999
vt 0.30713828125 0.8058093749999999
vt 0.3955265625 0.7042468749999999
vt 0.21875 0.7042468749999999
vt 0.30713828125 0.8125
vt 0.34375 0.7042468749999999
vt 0.21875 0.7354968749999999
vt 0.21875 0.7667468749999999
vt 0.4375 0.84375
vt 0.1875 0.84375
vt 0.1875 0.8125
vt 0.4375 0.8125
vt 0.4375 0.70399609375
vt 0.4375 0.84375
vt 0.1875 0.84375
vt 0.1875 0.70399609375
vt 0.1875 0.84375
vt 0.1875 0.714903125
vt 0.4375 0.714903125
vt 0.4375 0.84375
vt 0.3125 0.8125
vt 0.1875 0.84375
vt 0.3125 0.78125
vt 0.3125 0.84375
vt 0.1875 0.8125
vt 0.1875 0.78125
vt 0.4375 0.84375
vt 0.1875 0.84375
vt 0.1875 0.8125
vt 0.4375 0.8125
vt 0.4375 0.70399609375
vt 0.4375 0.84375
vt 0.1875 0.84375
vt 0.1875 0.70399609375
vt 0.1875 0.84375
vt 0.1875 0.714903125
vt 0.4375 0.714903125
vt 0.4375 0.84375
vt 0.3125 0.8125
vt 0.1875 0.84375
vt 0.3125 0.78125
vt 0.3125 0.84375
vt 0.1875 0.8125
vt 0.1875 0.78125
vt 0.5 0.75
vt 0.375 0.75
vt 0.375 0.625
vt 0.5 0.625
vt 0.5 0.875
vt 0.5 1
vt 0.375 1
vt 0.375 0.875
vt 0.75 0.125
vt 0.875 0.125
vt 0.875 0.25
vt 0.75 0.25
vt 0.875 0.125
vt 0.875 0.25
vt 0.75 0.25
vt 0.75 0.125
vt 0.875 0.125
vt 0.875 0.25
vt 0.75 0.25
vt 0.75 0.125
vt 0.875 0.25
vt 0.75 0.25
vt 0.75 0.125
vt 0.875 0.125
vt 0.0625 1
vt 0 1
vt 0 0.9375
vt 0.0625 0.9375
vt 0.0625 0.9375
vt 0.0625 1
vt 0 1
vt 0 0.9375
vt 0.96875 0
vt 1 0
vt 1 0.0625
vt 0.96875 0.0625
vt 0.046875 0.9375
vt 0.046875 1
vt 0.015625 1
vt 0.015625 0.9375
vt 0.03125 0.9375
vt 0.03125 1
vt 0 1
vt 0 0.9375
vt 0.0625 1
vt 0.03125 1
vt 0.03125 0.9375
vt 0.0625 0.9375
vt 0.0625 1
vt 0 1
vt 0 0.9375
vt 0.0625 0.9375
vt 0.0625 0.9375
vt 0.0625 1
vt 0 1
vt 0 0.9375
vt 0.96875 0
vt 1 0
vt 1 0.0625
vt 0.96875 0.0625
vt 0.046875 0.9375
vt 0.046875 1
vt 0.015625 1
vt 0.015625 0.9375
vt 0.03125 0.9375
vt 0.03125 1
vt 0 1
vt 0 0.9375
vt 0.0625 1
vt 0.03125 1
vt 0.03125 0.9375
vt 0.0625 0.9375
vt 0.0625 1
vt 0 1
vt 0 0.9375
vt 0.0625 0.9375
vt 0.0625 0.9375
vt 0.0625 1
vt 0 1
vt 0 0.9375
vt 0.96875 0
vt 1 0
vt 1 0.0625
vt 0.96875 0.0625
vt 0.64453125 0.9375
vt 0.64453125 1
vt 0.61328125 1
vt 0.61328125 0.9375
vt 0.03125 0.9375
vt 0.03125 1
vt 0 1
vt 0 0.9375
vt 0.0625 1
vt 0.03125 1
vt 0.03125 0.9375
vt 0.0625 0.9375
vt 0.0625 0.875
vt 0 0.875
vt 0 0.8125
vt 0.0625 0.8125
vt 0.875 0.125
vt 0.875 0.25
vt 0.75 0.25
vt 0.75 0.125
vt 0.9375 0.125
vt 1 0.125
vt 1 0.25
vt 0.9375 0.25
vt 1 0.125
vt 1 0.25
vt 0.9375 0.25
vt 0.9375 0.125
vt 1 0.1328125
vt 1 0.2578125
vt 0.9375 0.2578125
vt 0.9375 0.1328125
vt 0.9375 0.25
vt 0.875 0.25
vt 0.875 0.125
vt 0.9375 0.125
vt 0.1875 0.84375
vt 0.15625 0.84375
vt 0.15625 0.8125
vt 0.1875 0.8125
vt 0.1875 0.8125
vt 0.1875 0.84375
vt 0.15625 0.84375
vt 0.15625 0.8125
vt 0.125 0.9375
vt 0.125 0.875
vt 0.15625 0.875
vt 0.15625 0.9375
vt 0.125 0.875
vt 0.15625 0.875
vt 0.15625 0.9375
vt 0.125 0.9375
vt 0.125 0.875
vt 0.15625 0.875
vt 0.15625 0.9375
vt 0.125 0.9375
vt 0.15625 0.875
vt 0.15625 0.9375
vt 0.125 0.9375
vt 0.125 0.875
vt 0.1875 0.84375
vt 0.15625 0.84375
vt 0.15625 0.8125
vt 0.1875 0.8125
vt 0.1875 0.8125
vt 0.1875 0.84375
vt 0.15625 0.84375
vt 0.15625 0.8125
vt 0.125 0.9375
vt 0.125 0.875
vt 0.15625 0.875
vt 0.15625 0.9375
vt 0.125 0.875
vt 0.15625 0.875
vt 0.15625 0.9375
vt 0.125 0.9375
vt 0.125 0.875
vt 0.15625 0.875
vt 0.15625 0.9375
vt 0.125 0.9375
vt 0.15625 0.875
vt 0.15625 0.9375
vt 0.125 0.9375
vt 0.125 0.875
vt 0.125 0.875
vt 0.078125 0.875
vt 0.078125 0.828125
vt 0.125 0.828125
vt 0.125 0.828125
vt 0.125 0.875
vt 0.078125 0.875
vt 0.078125 0.828125
vt 0.078125 0.828125
vt 0.0703125 0.828125
vt 0.0703125 0.875
vt 0.078125 0.875
vt 0.0703125 0.828125
vt 0.0703125 0.875
vt 0.078125 0.875
vt 0.078125 0.828125
vt 0.0703125 0.828125
vt 0.0703125 0.875
vt 0.078125 0.875
vt 0.078125 0.828125
vt 0.078125 0.828125
vt 0.0703125 0.828125
vt 0.0703125 0.875
vt 0.078125 0.875
vt 0.125 0.875
vt 0.078125 0.875
vt 0.078125 0.828125
vt 0.125 0.828125
vt 0.125 0.828125
vt 0.125 0.875
vt 0.078125 0.875
vt 0.078125 0.828125
vt 0.078125 0.828125
vt 0.0703125 0.828125
vt 0.0703125 0.875
vt 0.078125 0.875
vt 0.0703125 0.828125
vt 0.0703125 0.875
vt 0.078125 0.875
vt 0.078125 0.828125
vt 0.0703125 0.828125
vt 0.0703125 0.875
vt 0.078125 0.875
vt 0.078125 0.828125
vt 0.078125 0.828125
vt 0.0703125 0.828125
vt 0.0703125 0.875
vt 0.078125 0.875
vt 0.1875 0.84375
vt 0.15625 0.84375
vt 0.15625 0.8125
vt 0.1875 0.8125
vt 0.1875 0.8125
vt 0.1875 0.84375
vt 0.15625 0.84375
vt 0.15625 0.8125
vt 0.125 0.9375
vt 0.125 0.875
vt 0.15625 0.875
vt 0.15625 0.9375
vt 0.125 0.875
vt 0.15625 0.875
vt 0.15625 0.9375
vt 0.125 0.9375
vt 0.125 0.875
vt 0.15625 0.875
vt 0.15625 0.9375
vt 0.125 0.9375
vt 0.15625 0.875
vt 0.15625 0.9375
vt 0.125 0.9375
vt 0.125 0.875
vt 0.1875 0.84375
vt 0.15625 0.84375
vt 0.15625 0.8125
vt 0.1875 0.8125
vt 0.1875 0.8125
vt 0.1875 0.84375
vt 0.15625 0.84375
vt 0.15625 0.8125
vt 0.125 0.9375
vt 0.125 0.875
vt 0.15625 0.875
vt 0.15625 0.9375
vt 0.125 0.875
vt 0.15625 0.875
vt 0.15625 0.9375
vt 0.125 0.9375
vt 0.125 0.875
vt 0.15625 0.875
vt 0.15625 0.9375
vt 0.125 0.9375
vt 0.15625 0.875
vt 0.15625 0.9375
vt 0.125 0.9375
vt 0.125 0.875
vt 0.125 0.875
vt 0.078125 0.875
vt 0.078125 0.828125
vt 0.125 0.828125
vt 0.125 0.828125
vt 0.125 0.875
vt 0.078125 0.875
vt 0.078125 0.828125
vt 0.078125 0.828125
vt 0.0703125 0.828125
vt 0.0703125 0.875
vt 0.078125 0.875
vt 0.0703125 0.828125
vt 0.0703125 0.875
vt 0.078125 0.875
vt 0.078125 0.828125
vt 0.0703125 0.828125
vt 0.0703125 0.875
vt 0.078125 0.875
vt 0.078125 0.828125
vt 0.078125 0.828125
vt 0.0703125 0.828125
vt 0.0703125 0.875
vt 0.078125 0.875
vt 0.875 0.25
vt 0.75 0.25
vt 0.75 0.125
vt 0.875 0.125
vt 0.875 0.125
vt 0.875 0.25
vt 0.75 0.25
vt 0.75 0.125
vt 0.75 0.125
vt 0.875 0.125
vt 0.875 0.25
vt 0.75 0.25
vt 0.875 0.125
vt 0.875 0.25
vt 0.75 0.25
vt 0.75 0.125
vt 0.875 0.125
vt 0.875 0.25
vt 0.75 0.25
vt 0.75 0.125
vt 0.875 0.25
vt 0.75 0.25
vt 0.75 0.125
vt 0.875 0.125
vt 0.0703125 0.875
vt 0.0703125 0.828125
vt 0.078125 0.828125
vt 0.078125 0.875
vt 0.078125 0.875
vt 0.0703125 0.875
vt 0.0703125 0.828125
vt 0.078125 0.828125
vt 0.078125 0.828125
vt 0.125 0.828125
vt 0.125 0.875
vt 0.078125 0.875
vt 0.125 0.828125
vt 0.125 0.875
vt 0.078125 0.875
vt 0.078125 0.828125
vt 0.078125 0.875
vt 0.0703125 0.875
vt 0.0703125 0.828125
vt 0.078125 0.828125
vt 0.0703125 0.875
vt 0.0703125 0.828125
vt 0.078125 0.828125
vt 0.078125 0.875
vt 0.15625 0.9375
vt 0.125 0.9375
vt 0.125 0.875
vt 0.15625 0.875
vt 0.15625 0.875
vt 0.15625 0.9375
vt 0.125 0.9375
vt 0.125 0.875
vt 0.15625 0.80859375
vt 0.1875 0.80859375
vt 0.1875 0.83984375
vt 0.15625 0.83984375
vt 0.1875 0.8125
vt 0.1875 0.84375
vt 0.15625 0.84375
vt 0.15625 0.8125
vt 0.125 0.9375
vt 0.125 0.875
vt 0.15625 0.875
vt 0.15625 0.9375
vt 0.125 0.875
vt 0.15625 0.875
vt 0.15625 0.9375
vt 0.125 0.9375
vt 0.0703125 0.875
vt 0.0703125 0.828125
vt 0.078125 0.828125
vt 0.078125 0.875
vt 0.078125 0.875
vt 0.0703125 0.875
vt 0.0703125 0.828125
vt 0.078125 0.828125
vt 0.078125 0.828125
vt 0.125 0.828125
vt 0.125 0.875
vt 0.078125 0.875
vt 0.125 0.828125
vt 0.125 0.875
vt 0.078125 0.875
vt 0.078125 0.828125
vt 0.078125 0.875
vt 0.0703125 0.875
vt 0.0703125 0.828125
vt 0.078125 0.828125
vt 0.0703125 0.875
vt 0.0703125 0.828125
vt 0.078125 0.828125
vt 0.078125 0.875
vt 0.71875 0.5625
vt 0.703125 0.5625
vt 0.703125 0.5
vt 0.71875 0.5
vt 0.71875 0.5
vt 0.71875 0.5625
vt 0.703125 0.5625
vt 0.703125 0.5
vt 0.71875 0.546875
vt 0.75 0.546875
vt 0.75 0.5625
vt 0.71875 0.5625
vt 0.75 0.546875
vt 0.75 0.5625
vt 0.71875 0.5625
vt 0.71875 0.546875
vt 0.75 0.5
vt 0.75 0.5625
vt 0.71875 0.5625
vt 0.71875 0.5
vt 0.75 0.5625
vt 0.71875 0.5625
vt 0.71875 0.5
vt 0.75 0.5
vt 0.71875 0.5625
vt 0.703125 0.5625
vt 0.703125 0.5
vt 0.71875 0.5
vt 0.71875 0.5
vt 0.71875 0.5625
vt 0.703125 0.5625
vt 0.703125 0.5
vt 0.71875 0.546875
vt 0.75 0.546875
vt 0.75 0.5625
vt 0.71875 0.5625
vt 0.75 0.546875
vt 0.75 0.5625
vt 0.71875 0.5625
vt 0.71875 0.546875
vt 0.75 0.5
vt 0.75 0.5625
vt 0.71875 0.5625
vt 0.71875 0.5
vt 0.75 0.5625
vt 0.71875 0.5625
vt 0.71875 0.5
vt 0.75 0.5
vt 0.875 0.625
vt 0.75 0.625
vt 0.75 0.5
vt 0.875 0.5
vt 1 0.125
vt 1 0.25
vt 0.875 0.25
vt 0.875 0.125
vt 0.9375 0.125
vt 1 0.125
vt 1 0.25
vt 0.9375 0.25
vt 1 0.125
vt 1 0.25
vt 0.9375 0.25
vt 0.9375 0.125
vt 1 0.125
vt 1 0.25
vt 0.9375 0.25
vt 0.9375 0.125
vt 0.9375 0.25
vt 0.875 0.25
vt 0.875 0.125
vt 0.9375 0.125
vt 1 0.21875
vt 0.875 0.21875
vt 0.875 0.15625
vt 1 0.15625
vt 1 0.15625
vt 1 0.21875
vt 0.875 0.21875
vt 0.875 0.15625
vt 0.90625 0.125
vt 0.96875 0.125
vt 0.96875 0.25
vt 0.90625 0.25
vt 0.96875 0.125
vt 0.96875 0.25
vt 0.90625 0.25
vt 0.90625 0.125
vt 0.96875 0.15625
vt 0.96875 0.21875
vt 0.90625 0.21875
vt 0.90625 0.15625
vt 0.96875 0.21875
vt 0.90625 0.21875
vt 0.90625 0.15625
vt 0.96875 0.15625
vt 0.75 0.125
vt 0.875 0.125
vt 0.875 0.25
vt 0.75 0.25
vt 0.5 0.75
vt 0.5 0.875
vt 0.375 0.875
vt 0.375 0.75
vt 0.75 0.125
vt 0.875 0.125
vt 0.875 0.25
vt 0.75 0.25
vt 0.875 0.125
vt 0.875 0.25
vt 0.75 0.25
vt 0.75 0.125
vt 0.875 0.125
vt 0.875 0.25
vt 0.75 0.25
vt 0.75 0.125
vt 0.875 0.25
vt 0.75 0.25
vt 0.75 0.125
vt 0.875 0.125
vt 0.0625 1
vt 0 1
vt 0 0.9375
vt 0.0625 0.9375
vt 0.0625 0.9375
vt 0.0625 1
vt 0 1
vt 0 0.9375
vt 0.96875 0
vt 1 0
vt 1 0.0625
vt 0.96875 0.0625
vt 0.046875 0.9375
vt 0.046875 1
vt 0.015625 1
vt 0.015625 0.9375
vt 0.03125 0.9375
vt 0.03125 1
vt 0 1
vt 0 0.9375
vt 0.0625 1
vt 0.03125 1
vt 0.03125 0.9375
vt 0.0625 0.9375
vt 0.0625 1
vt 0 1
vt 0 0.9375
vt 0.0625 0.9375
vt 0.0625 0.9375
vt 0.0625 1
vt 0 1
vt 0 0.9375
vt 0.96875 0
vt 1 0
vt 1 0.0625
vt 0.96875 0.0625
vt 0.046875 0.9375
vt 0.046875 1
vt 0.015625 1
vt 0.015625 0.9375
vt 0.03125 0.9375
vt 0.03125 1
vt 0 1
vt 0 0.9375
vt 0.0625 1
vt 0.03125 1
vt 0.03125 0.9375
vt 0.0625 0.9375
vt 0.187769140625 0.937771484375
vt 0.187228515625 1
vt 0.124730859375 0.999728515625
vt 0.125271484375 0.9372308593750001
vt 0.124866015625 0.9841041015625
vt 0.125136328125 0.9528552734375
vt 0.187633984375 0.9533958984375
vt 0.187363671875 0.9846447265625
vt 0.125136328125 0.9528552734375
vt 0.187633984375 0.9533958984375
vt 0.187363671875 0.9846447265625
vt 0.124866015625 0.9841041015625
vt 0.125001171875 0.9684796875
vt 0.187498828125 0.9690203125
vt 0.187228515625 1
vt 0.124730859375 0.999728515625
vt 0.187769140625 0.937771484375
vt 0.187498828125 0.9690203125
vt 0.125001171875 0.9684796875
vt 0.125271484375 0.9372308593750001
vt 0.1875 1
vt 0.125 1
vt 0.125 0.9375
vt 0.1875 0.9375
vt 0.1875 1
vt 0.125 1
vt 0.125 0.9375
vt 0.1875 0.9375
vt 0.1875 1
vt 0.125 1
vt 0.125 0.9375
vt 0.1875 0.9375
vt 0.96875 0
vt 1 0
vt 1 0.0625
vt 0.96875 0.0625
vt 0.171875 0.9375
vt 0.171875 1
vt 0.140625 1
vt 0.140625 0.9375
vt 0.03125 0.9375
vt 0.03125 1
vt 0 1
vt 0 0.9375
vt 0.0625 1
vt 0.03125 1
vt 0.03125 0.9375
vt 0.0625 0.9375
vt 0.1875 1
vt 0.125 1
vt 0.125 0.9375
vt 0.1875 0.9375
vt 0.1875 1
vt 0.125 1
vt 0.125 0.9453125
vt 0.1875 0.9453125
vt 0.96875 0
vt 1 0
vt 1 0.0625
vt 0.96875 0.0625
vt 0.171875 0.9375
vt 0.171875 1
vt 0.140625 1
vt 0.140625 0.9375
vt 0.03125 0.9375
vt 0.03125 1
vt 0 1
vt 0 0.9375
vt 0.0625 1
vt 0.03125 1
vt 0.03125 0.9375
vt 0.0625 0.9375
vt 0.1875 1
vt 0.125 1
vt 0.125 0.9375
vt 0.1875 0.9375
vt 0.1875 1
vt 0.125 1
vt 0.125 0.9375
vt 0.1875 0.9375
vt 0.96875 0
vt 1 0
vt 1 0.0625
vt 0.96875 0.0625
vt 0.171875 0.9375
vt 0.171875 1
vt 0.140625 1
vt 0.140625 0.9375
vt 0.03125 0.9375
vt 0.03125 1
vt 0 1
vt 0 0.9375
vt 0.0625 1
vt 0.03125 1
vt 0.03125 0.9375
vt 0.0625 0.9375
vt 0.1875 1
vt 0.125 1
vt 0.125 0.9375
vt 0.1875 0.9375
vt 0.1875 1
vt 0.125 1
vt 0.125 0.9375
vt 0.1875 0.9375
vt 0.96875 0
vt 1 0
vt 1 0.0625
vt 0.96875 0.0625
vt 0.171875 0.9375
vt 0.171875 1
vt 0.140625 1
vt 0.140625 0.9375
vt 0.03125 0.9375
vt 0.03125 1
vt 0 1
vt 0 0.9375
vt 0.0625 1
vt 0.03125 1
vt 0.03125 0.9375
vt 0.0625 0.9375
vt 0.1875 1
vt 0.125 1
vt 0.125 0.9375
vt 0.1875 0.9375
vt 0.1875 1
vt 0.125 1
vt 0.125 0.9453125
vt 0.1875 0.9453125
vt 0.96875 0
vt 1 0
vt 1 0.0625
vt 0.96875 0.0625
vt 0.171875 0.9375
vt 0.171875 1
vt 0.140625 1
vt 0.140625 0.9375
vt 0.03125 0.9375
vt 0.03125 1
vt 0 1
vt 0 0.9375
vt 0.0625 1
vt 0.03125 1
vt 0.03125 0.9375
vt 0.0625 0.9375
vt 0.1875 1
vt 0.125 1
vt 0.125 0.9375
vt 0.1875 0.9375
vt 0.1875 1
vt 0.125 1
vt 0.125 0.9375
vt 0.1875 0.9375
vt 0.96875 0
vt 1 0
vt 1 0.0625
vt 0.96875 0.0625
vt 0.171875 0.9375
vt 0.171875 1
vt 0.140625 1
vt 0.140625 0.9375
vt 0.03125 0.9375
vt 0.03125 1
vt 0 1
vt 0 0.9375
vt 0.0625 1
vt 0.03125 1
vt 0.03125 0.9375
vt 0.0625 0.9375
vt 0.1875 1
vt 0.125 1
vt 0.125 0.9375
vt 0.1875 0.9375
vt 0.1875 1
vt 0.125 1
vt 0.125 0.9375
vt 0.1875 0.9375
vt 0.96875 0
vt 1 0
vt 1 0.0625
vt 0.96875 0.0625
vt 0.171875 0.9375
vt 0.171875 1
vt 0.140625 1
vt 0.140625 0.9375
vt 0.03125 0.9375
vt 0.03125 1
vt 0 1
vt 0 0.9375
vt 0.0625 1
vt 0.03125 1
vt 0.03125 0.9375
vt 0.0625 0.9375
vt 0.1875 1
vt 0.125 1
vt 0.125 0.9375
vt 0.1875 0.9375
vt 0.1875 1
vt 0.125 1
vt 0.125 0.9453125
vt 0.1875 0.9453125
vt 0.96875 0
vt 1 0
vt 1 0.0625
vt 0.96875 0.0625
vt 0.171875 0.9375
vt 0.171875 1
vt 0.140625 1
vt 0.140625 0.9375
vt 0.03125 0.9375
vt 0.03125 1
vt 0 1
vt 0 0.9375
vt 0.0625 1
vt 0.03125 1
vt 0.03125 0.9375
vt 0.0625 0.9375
vt 0.1875 1
vt 0.125 1
vt 0.125 0.9375
vt 0.1875 0.9375
vt 0.1875 1
vt 0.125 1
vt 0.125 0.9375
vt 0.1875 0.9375
vt 0.96875 0
vt 1 0
vt 1 0.0625
vt 0.96875 0.0625
vt 0.171875 0.9375
vt 0.171875 1
vt 0.140625 1
vt 0.140625 0.9375
vt 0.03125 0.9375
vt 0.03125 1
vt 0 1
vt 0 0.9375
vt 0.0625 1
vt 0.03125 1
vt 0.03125 0.9375
vt 0.0625 0.9375
vt 0.1875 1
vt 0.125 1
vt 0.125 0.9375
vt 0.1875 0.9375
vt 0.1875 1
vt 0.125 1
vt 0.125 0.9375
vt 0.1875 0.9375
vt 0.96875 0
vt 1 0
vt 1 0.0625
vt 0.96875 0.0625
vt 0.171875 0.9375
vt 0.171875 1
vt 0.140625 1
vt 0.140625 0.9375
vt 0.03125 0.9375
vt 0.03125 1
vt 0 1
vt 0 0.9375
vt 0.0625 1
vt 0.03125 1
vt 0.03125 0.9375
vt 0.0625 0.9375
vt 0.1875 1
vt 0.125 1
vt 0.125 0.9375
vt 0.1875 0.9375
vt 0.1875 1
vt 0.125 1
vt 0.125 0.9375
vt 0.1875 0.9375
vt 0.96875 0
vt 1 0
vt 1 0.0625
vt 0.96875 0.0625
vt 0.171875 0.9375
vt 0.171875 1
vt 0.140625 1
vt 0.140625 0.9375
vt 0.03125 0.9375
vt 0.03125 1
vt 0 1
vt 0 0.9375
vt 0.0625 1
vt 0.03125 1
vt 0.03125 0.9375
vt 0.0625 0.9375
vt 0.1875 1
vt 0.125 1
vt 0.125 0.9375
vt 0.1875 0.9375
vt 0.1875 1
vt 0.125 1
vt 0.125 0.9453125
vt 0.1875 0.9453125
vt 0.96875 0
vt 1 0
vt 1 0.0625
vt 0.96875 0.0625
vt 0.171875 0.9375
vt 0.171875 1
vt 0.140625 1
vt 0.140625 0.9375
vt 0.03125 0.9375
vt 0.03125 1
vt 0 1
vt 0 0.9375
vt 0.0625 1
vt 0.03125 1
vt 0.03125 0.9375
vt 0.0625 0.9375
vt 0.187769140625 0.937771484375
vt 0.187228515625 1
vt 0.124730859375 0.999728515625
vt 0.125271484375 0.9372308593750001
vt 0.124866015625 0.9841041015625
vt 0.125136328125 0.9528552734375
vt 0.187633984375 0.9533958984375
vt 0.187363671875 0.9846447265625
vt 0.125136328125 0.9528552734375
vt 0.187633984375 0.9533958984375
vt 0.187363671875 0.9846447265625
vt 0.124866015625 0.9841041015625
vt 0.125001171875 0.9684796875
vt 0.187498828125 0.9690203125
vt 0.187228515625 1
vt 0.124730859375 0.999728515625
vt 0.187769140625 0.937771484375
vt 0.187498828125 0.9690203125
vt 0.125001171875 0.9684796875
vt 0.125271484375 0.9372308593750001
vt 0.1875 1
vt 0.125 1
vt 0.125 0.9375
vt 0.1875 0.9375
vt 0.187769140625 0.937771484375
vt 0.187228515625 1
vt 0.124730859375 0.999728515625
vt 0.125271484375 0.9372308593750001
vt 0.124866015625 0.9841041015625
vt 0.125136328125 0.9528552734375
vt 0.187633984375 0.9533958984375
vt 0.187363671875 0.9846447265625
vt 0.125136328125 0.9528552734375
vt 0.187633984375 0.9533958984375
vt 0.187363671875 0.9846447265625
vt 0.124866015625 0.9841041015625
vt 0.125001171875 0.9684796875
vt 0.187498828125 0.9690203125
vt 0.187228515625 1
vt 0.124730859375 0.999728515625
vt 0.187769140625 0.937771484375
vt 0.187498828125 0.9690203125
vt 0.125001171875 0.9684796875
vt 0.125271484375 0.9372308593750001
vt 0.1875 1
vt 0.125 1
vt 0.125 0.9375
vt 0.1875 0.9375
vt 0.187769140625 0.937771484375
vt 0.187228515625 1
vt 0.124730859375 0.999728515625
vt 0.125271484375 0.9372308593750001
vt 0.124866015625 0.9841041015625
vt 0.125136328125 0.9528552734375
vt 0.187633984375 0.9533958984375
vt 0.187363671875 0.9846447265625
vt 0.125136328125 0.9528552734375
vt 0.187633984375 0.9533958984375
vt 0.187363671875 0.9846447265625
vt 0.124866015625 0.9841041015625
vt 0.125001171875 0.9684796875
vt 0.187498828125 0.9690203125
vt 0.187228515625 1
vt 0.124730859375 0.999728515625
vt 0.187769140625 0.937771484375
vt 0.187498828125 0.9690203125
vt 0.125001171875 0.9684796875
vt 0.125271484375 0.9372308593750001
vt 0.1875 1
vt 0.125 1
vt 0.125 0.9375
vt 0.1875 0.9375
vt 0.187769140625 0.937771484375
vt 0.187228515625 1
vt 0.124730859375 0.999728515625
vt 0.125271484375 0.9372308593750001
vt 0.124866015625 0.9841041015625
vt 0.125136328125 0.9528552734375
vt 0.187633984375 0.9533958984375
vt 0.187363671875 0.9846447265625
vt 0.125136328125 0.9528552734375
vt 0.187633984375 0.9533958984375
vt 0.187363671875 0.9846447265625
vt 0.124866015625 0.9841041015625
vt 0.125001171875 0.9684796875
vt 0.187498828125 0.9690203125
vt 0.187228515625 1
vt 0.124730859375 0.999728515625
vt 0.187769140625 0.937771484375
vt 0.187498828125 0.9690203125
vt 0.125001171875 0.9684796875
vt 0.125271484375 0.9372308593750001
vt 0.1875 1
vt 0.125 1
vt 0.125 0.9375
vt 0.1875 0.9375
vt 0.187769140625 0.937771484375
vt 0.187228515625 1
vt 0.124730859375 0.999728515625
vt 0.125271484375 0.9372308593750001
vt 0.124866015625 0.9841041015625
vt 0.125136328125 0.9528552734375
vt 0.187633984375 0.9533958984375
vt 0.187363671875 0.9846447265625
vt 0.125136328125 0.9528552734375
vt 0.187633984375 0.9533958984375
vt 0.187363671875 0.9846447265625
vt 0.124866015625 0.9841041015625
vt 0.125001171875 0.9684796875
vt 0.187498828125 0.9690203125
vt 0.187228515625 1
vt 0.124730859375 0.999728515625
vt 0.187769140625 0.937771484375
vt 0.187498828125 0.9690203125
vt 0.125001171875 0.9684796875
vt 0.125271484375 0.9372308593750001
vt 0.1875 1
vt 0.125 1
vt 0.125 0.9375
vt 0.1875 0.9375
vt 0.187769140625 0.937771484375
vt 0.187228515625 1
vt 0.124730859375 0.999728515625
vt 0.125271484375 0.9372308593750001
vt 0.124866015625 0.9841041015625
vt 0.125136328125 0.9528552734375
vt 0.187633984375 0.9533958984375
vt 0.187363671875 0.9846447265625
vt 0.125136328125 0.9528552734375
vt 0.187633984375 0.9533958984375
vt 0.187363671875 0.9846447265625
vt 0.124866015625 0.9841041015625
vt 0.125001171875 0.9684796875
vt 0.187498828125 0.9690203125
vt 0.187228515625 1
vt 0.124730859375 0.999728515625
vt 0.187769140625 0.937771484375
vt 0.187498828125 0.9690203125
vt 0.125001171875 0.9684796875
vt 0.125271484375 0.9372308593750001
vt 0.1875 1
vt 0.125 1
vt 0.125 0.9375
vt 0.1875 0.9375
vt 0.187769140625 0.937771484375
vt 0.187228515625 1
vt 0.124730859375 0.999728515625
vt 0.125271484375 0.9372308593750001
vt 0.124866015625 0.9841041015625
vt 0.125136328125 0.9528552734375
vt 0.187633984375 0.9533958984375
vt 0.187363671875 0.9846447265625
vt 0.125136328125 0.9528552734375
vt 0.187633984375 0.9533958984375
vt 0.187363671875 0.9846447265625
vt 0.124866015625 0.9841041015625
vt 0.125001171875 0.9684796875
vt 0.187498828125 0.9690203125
vt 0.187228515625 1
vt 0.124730859375 0.999728515625
vt 0.187769140625 0.937771484375
vt 0.187498828125 0.9690203125
vt 0.125001171875 0.9684796875
vt 0.125271484375 0.9372308593750001
vt 0.1875 1
vt 0.125 1
vt 0.125 0.9375
vt 0.1875 0.9375
vt 0.0625 1
vt 0 1
vt 0 0.9375
vt 0.0625 0.9375
vt 0.0625 0.9375
vt 0.0625 1
vt 0 1
vt 0 0.9375
vt 0.96875 0
vt 1 0
vt 1 0.0625
vt 0.96875 0.0625
vt 0.046875 0.9375
vt 0.046875 1
vt 0.015625 1
vt 0.015625 0.9375
vt 0.03125 0.9375
vt 0.03125 1
vt 0 1
vt 0 0.9375
vt 0.0625 1
vt 0.03125 1
vt 0.03125 0.9375
vt 0.0625 0.9375
vt 0.0625 1
vt 0 1
vt 0 0.9375
vt 0.0625 0.9375
vt 0.0625 0.9375
vt 0.0625 1
vt 0 1
vt 0 0.9375
vt 0.96875 0
vt 1 0
vt 1 0.0625
vt 0.96875 0.0625
vt 0.046875 0.9375
vt 0.046875 1
vt 0.015625 1
vt 0.015625 0.9375
vt 0.03125 0.9375
vt 0.03125 1
vt 0 1
vt 0 0.9375
vt 0.0625 1
vt 0.03125 1
vt 0.03125 0.9375
vt 0.0625 0.9375
vt 0.1875 0.84375
vt 0.15625 0.84375
vt 0.15625 0.8125
vt 0.1875 0.8125
vt 0.1875 0.8125
vt 0.1875 0.84375
vt 0.15625 0.84375
vt 0.15625 0.8125
vt 0.125 0.9375
vt 0.125 0.875
vt 0.15625 0.875
vt 0.15625 0.9375
vt 0.125 0.875
vt 0.15625 0.875
vt 0.15625 0.9375
vt 0.125 0.9375
vt 0.125 0.875
vt 0.15625 0.875
vt 0.15625 0.9375
vt 0.125 0.9375
vt 0.15625 0.875
vt 0.15625 0.9375
vt 0.125 0.9375
vt 0.125 0.875
vt 0.1875 0.84375
vt 0.15625 0.84375
vt 0.15625 0.8125
vt 0.1875 0.8125
vt 0.1875 0.8125
vt 0.1875 0.84375
vt 0.15625 0.84375
vt 0.15625 0.8125
vt 0.125 0.9375
vt 0.125 0.875
vt 0.15625 0.875
vt 0.15625 0.9375
vt 0.125 0.875
vt 0.15625 0.875
vt 0.15625 0.9375
vt 0.125 0.9375
vt 0.125 0.875
vt 0.15625 0.875
vt 0.15625 0.9375
vt 0.125 0.9375
vt 0.15625 0.875
vt 0.15625 0.9375
vt 0.125 0.9375
vt 0.125 0.875
vt 0.125 0.875
vt 0.078125 0.875
vt 0.078125 0.828125
vt 0.125 0.828125
vt 0.125 0.828125
vt 0.125 0.875
vt 0.078125 0.875
vt 0.078125 0.828125
vt 0.078125 0.828125
vt 0.0703125 0.828125
vt 0.0703125 0.875
vt 0.078125 0.875
vt 0.0703125 0.828125
vt 0.0703125 0.875
vt 0.078125 0.875
vt 0.078125 0.828125
vt 0.0703125 0.828125
vt 0.0703125 0.875
vt 0.078125 0.875
vt 0.078125 0.828125
vt 0.078125 0.828125
vt 0.0703125 0.828125
vt 0.0703125 0.875
vt 0.078125 0.875
vt 0.125 0.875
vt 0.078125 0.875
vt 0.078125 0.828125
vt 0.125 0.828125
vt 0.125 0.828125
vt 0.125 0.875
vt 0.078125 0.875
vt 0.078125 0.828125
vt 0.078125 0.828125
vt 0.0703125 0.828125
vt 0.0703125 0.875
vt 0.078125 0.875
vt 0.0703125 0.828125
vt 0.0703125 0.875
vt 0.078125 0.875
vt 0.078125 0.828125
vt 0.0703125 0.828125
vt 0.0703125 0.875
vt 0.078125 0.875
vt 0.078125 0.828125
vt 0.078125 0.828125
vt 0.0703125 0.828125
vt 0.0703125 0.875
vt 0.078125 0.875
vt 0.125 0.875
vt 0.078125 0.875
vt 0.078125 0.828125
vt 0.125 0.828125
vt 0.125 0.828125
vt 0.125 0.875
vt 0.078125 0.875
vt 0.078125 0.828125
vt 0.078125 0.828125
vt 0.0703125 0.828125
vt 0.0703125 0.875
vt 0.078125 0.875
vt 0.0703125 0.828125
vt 0.0703125 0.875
vt 0.078125 0.875
vt 0.078125 0.828125
vt 0.0703125 0.828125
vt 0.0703125 0.875
vt 0.078125 0.875
vt 0.078125 0.828125
vt 0.078125 0.828125
vt 0.0703125 0.828125
vt 0.0703125 0.875
vt 0.078125 0.875
vt 0.125 0.875
vt 0.078125 0.875
vt 0.078125 0.828125
vt 0.125 0.828125
vt 0.125 0.828125
vt 0.125 0.875
vt 0.078125 0.875
vt 0.078125 0.828125
vt 0.078125 0.828125
vt 0.0703125 0.828125
vt 0.0703125 0.875
vt 0.078125 0.875
vt 0.0703125 0.828125
vt 0.0703125 0.875
vt 0.078125 0.875
vt 0.078125 0.828125
vt 0.0703125 0.828125
vt 0.0703125 0.875
vt 0.078125 0.875
vt 0.078125 0.828125
vt 0.078125 0.828125
vt 0.0703125 0.828125
vt 0.0703125 0.875
vt 0.078125 0.875
vn 1 0 0
vn -1 0 0
vn 0 1 0
vn 0 -1 0
vn 0 0 1
vn 0 0 -1
vn 1 0 0
vn -1 0 0
vn 0 1 0
vn 0 -1 0
vn 0 0 1
vn 0 0 -1
vn 1 0 0
vn -1 0 0
vn 0 1 0
vn 0 -1 0
vn 0 0 1
vn 0 0 -1
vn 1 0 0
vn -1 0 0
vn 0 1 0
vn 0 -1 0
vn 0 0 1
vn 0 0 -1
vn 1 0 0
vn -1 0 0
vn 0 1 0
vn 0 -1 0
vn 0 0 1
vn 0 0 -1
vn 1 0 0
vn -1 0 0
vn 0 1 0
vn 0 -1 0
vn 0 0 1
vn 0 0 -1
vn 1 0 0
vn -1 0 0
vn 0 1 0
vn 0 -1 0
vn 0 0 1
vn 0 0 -1
vn 1 0 0
vn -1 0 0
vn 0 1 0
vn 0 -1 0
vn 0 0 1
vn 0 0 -1
vn 1 0 0
vn -1 0 0
vn 0 1 0
vn 0 -1 0
vn 0 0 1
vn 0 0 -1
vn 1 0 0
vn -1 0 0
vn 0 1 0
vn 0 -1 0
vn 0 0 1
vn 0 0 -1
vn 1 0 0
vn -1 0 0
vn 0 1 0
vn 0 -1 0
vn 0 0 1
vn 0 0 -1
vn 1 0 0
vn -1 0 0
vn 0 1 0
vn 0 -1 0
vn 0 0 1
vn 0 0 -1
vn 1 0 0
vn -1 0 0
vn 0 1 0
vn 0 -1 0
vn 0 0 1
vn 0 0 -1
vn 1 0 0
vn -1 0 0
vn 0 1 0
vn 0 -1 0
vn 0 0 1
vn 0 0 -1
vn 1 0 0
vn -1 0 0
vn 0 1 0
vn 0 -1 0
vn 0 0 1
vn 0 0 -1
vn 1 0 0
vn -1 0 0
vn 0 1 0
vn 0 -1 0
vn 0 0 1
vn 0 0 -1
vn 1 0 0
vn -1 0 0
vn -0.44721359549995804 0.8944271909999161 0
vn 0 -1 0
vn 0 0 1
vn 0 0 -1
vn 1 0 0
vn -1 0 0
vn 0 1 0
vn 0 -1 0
vn 0 0 1
vn 0 0 -1
vn 1 0 0
vn -1 0 0
vn 0.44721359549995804 0.8944271909999161 0
vn 0 -1 0
vn 0 0 1
vn 0 0 -1
vn 1 0 0
vn -1 0 0
vn 0 1 0
vn 0 -1 0
vn 0 0 1
vn 0 0 -1
vn 1 0 0
vn -1 0 0
vn 0 1 0
vn 0 -1 0
vn 0 0 1
vn 0 0 -1
vn 1 0 0
vn -1 0 0
vn -0.44721359549995804 0.8944271909999161 0
vn 0 -1 0
vn 0 0 1
vn 0 0 -1
vn 1 0 0
vn -1 0 0
vn 0 1 0
vn 0 -1 0
vn 0 0 1
vn 0 0 -1
vn 1 0 0
vn -1 0 0
vn 0 1 0
vn 0 -1 0
vn 0 0 1
vn 0 0 -1
vn 1 0 0
vn -1 0 0
vn 0.44721359549995804 0.8944271909999161 0
vn 0 -1 0
vn 0 0 1
vn 0 0 -1
vn 1 0 0
vn -1 0 0
vn 0 1 0
vn 0 -1 0
vn 0 0 1
vn 0 0 -1
vn 1 0 0
vn -1 0 0
vn 0 1 0
vn 0 -1 0
vn 0 0 1
vn 0 0 -1
vn 1 0 0
vn -1 0 0
vn 0 1 0
vn 0 -1 0
vn 0 0 1
vn 0 0 -1
vn -1 0 0
vn 1 0 0
vn 0 1 0
vn 0 -1 0
vn -1.1102230246251565e-16 0 -1
vn 0 0 1
vn -1 0 0
vn 1 0 0
vn 0 1 0
vn 0 -1 0
vn 0 0 -1
vn 1.1102230246251565e-16 0 1
vn 0.7071067811865476 0 0.7071067811865476
vn -0.7071067811865476 0 -0.7071067811865476
vn 0 1 0
vn 0 -1 0
vn -0.7071067811865476 0 0.7071067811865476
vn 0.7071067811865476 0 -0.7071067811865476
vn 0.7071067811865478 0 0.7071067811865472
vn -0.707106781186547 0 -0.707106781186548
vn 0 1 0
vn 0 -1 0
vn -0.7071067811865475 0 0.7071067811865477
vn 0.7071067811865477 0 -0.7071067811865475
vn 0.7071067811865476 0 0.7071067811865476
vn -0.7071067811865476 0 -0.7071067811865476
vn 0 1 0
vn 0 -1 0
vn -0.7071067811865476 0 0.7071067811865476
vn 0.7071067811865476 0 -0.7071067811865476
vn 0.7071067811865477 0 -0.7071067811865474
vn -0.7071067811865478 0 0.7071067811865472
vn 0 1 0
vn 0 -1 0
vn 0.7071067811865478 0 0.7071067811865474
vn -0.7071067811865475 0 -0.7071067811865477
vn 0.7071067811865475 0 -0.7071067811865477
vn -0.7071067811865476 0 0.7071067811865476
vn 0 1 0
vn 0 -1 0
vn 0.7071067811865475 0 0.7071067811865477
vn -0.7071067811865476 0 -0.7071067811865476
vn 0.7071067811865474 0 -0.7071067811865477
vn -0.7071067811865476 0 0.7071067811865476
vn 0 1 0
vn 0 -1 0
vn 0.7071067811865476 0 0.7071067811865476
vn -0.7071067811865475 0 -0.7071067811865477
vn -0.7071067811865472 0 -0.7071067811865478
vn 0.7071067811865478 0 0.7071067811865472
vn 0 1 0
vn 0 -1 0
vn 0.7071067811865478 0 -0.7071067811865474
vn -0.7071067811865474 0 0.7071067811865478
vn -0.7071067811865476 0 -0.7071067811865476
vn 0.7071067811865474 0 0.7071067811865478
vn 0 1 0
vn 0 -1 0
vn 0.7071067811865474 0 -0.7071067811865478
vn -0.7071067811865476 0 0.7071067811865476
vn -0.7071067811865476 0 -0.7071067811865476
vn 0.7071067811865472 0 0.7071067811865478
vn 0 1 0
vn 0 -1 0
vn 0.7071067811865476 0 -0.7071067811865476
vn -0.7071067811865474 0 0.7071067811865478
vn -0.7071067811865475 0 0.7071067811865477
vn 0.7071067811865478 0 -0.7071067811865472
vn 0 1 0
vn 0 -1 0
vn -0.7071067811865475 0 -0.7071067811865477
vn 0.7071067811865478 0 0.7071067811865474
vn -0.7071067811865476 0 0.7071067811865476
vn 0.7071067811865474 0 -0.7071067811865478
vn 0 1 0
vn 0 -1 0
vn -0.7071067811865478 0 -0.7071067811865474
vn 0.7071067811865476 0 0.7071067811865476
vn -0.7071067811865474 0 0.7071067811865477
vn 0.7071067811865476 0 -0.7071067811865476
vn 0 1 0
vn 0 -1 0
vn -0.7071067811865476 0 -0.7071067811865476
vn 0.7071067811865479 0 0.7071067811865472
vn 0 0 1
vn 0 0 -1
vn 0 1 0
vn 0 -1 0
vn -1 0 2.220446049250313e-16
vn 1 0 -2.220446049250313e-16
vn 4.440892098500626e-16 0 1
vn 0 0 -1
vn 0 1 0
vn 0 -1 0
vn -1 0 2.220446049250313e-16
vn 1 0 -2.220446049250314e-16
vn 0 0 -1
vn 0 0 1
vn 0 1 0
vn 0 -1 0
vn 1 0 2.220446049250313e-16
vn -1 0 -2.220446049250313e-16
vn 0 0 -1
vn 0 0 1
vn 0 1 0
vn 0 -1 0
vn 1 0 2.220446049250313e-16
vn -1 0 -2.220446049250313e-16
vn 1 0 0
vn -1 0 0
vn 0 1 0
vn 0 -1 0
vn 0 0 1
vn 0 0 -1
vn 1 0 0
vn -1 0 0
vn 0 0.8944271909999161 0.44721359549995804
vn 0 -1 0
vn 0 0 1
vn 0 0 -1
vn 1 0 0
vn -1 0 0
vn 0 1 0
vn 0 -1 0
vn 0 0 1
vn 0 0 -1
vn 1 0 0
vn -1 0 0
vn 0 1 0
vn 0 -1 0
vn 0 0 1
vn 0 0 -1
vn 1 0 0
vn -1 0 0
vn 0 0.8944271909999161 0.44721359549995804
vn 0 -1 0
vn 0 0 1
vn 0 0 -1
vn 1 0 0
vn -1 0 0
vn 0 1 0
vn 0 -1 0
vn 0 0 1
vn 0 0 -1
vn 1 0 0
vn -1 0 0
vn 0 1 0
vn 0 -1 0
vn 0 0 1
vn 0 0 -1
vn 1 0 0
vn -1 0 0
vn 0 0.8944271909999161 -0.44721359549995804
vn 0 -1 0
vn 0 0 1
vn 0 0 -1
vn 1 0 0
vn -1 0 0
vn 0 1 0
vn 0 -1 0
vn 0 0 1
vn 0 0 -1
vn 1 0 0
vn -1 0 0
vn 0 1 0
vn 0 -1 0
vn 0 0 1
vn 0 0 -1
vn 1 0 0
vn -1 0 0
vn 0 0.8944271909999161 -0.44721359549995804
vn 0 -1 0
vn 0 0 1
vn 0 0 -1
vn 1 0 0
vn -1 0 0
vn 0 1 0
vn 0 -1 0
vn 0 0 1
vn 0 0 -1
vn 1 0 0
vn -1 0 0
vn 0 1 0
vn 0 -1 0
vn 0 0 1
vn 0 0 -1
vn 0 0 -1
vn 0 0 1
vn 0 1 0
vn 0 -1 0
vn 1 0 0
vn -1 0 0
vn 1.1102230246251565e-16 0 1
vn 0 0 -1
vn 0 1 0
vn 0 -1 0
vn -1 0 0
vn 1 0 0
vn 1 0 0
vn -1 0 0
vn 0 1 0
vn 0 -1 0
vn 0 0 1
vn 0 0 -1
vn 0.7071067811865475 0 0.7071067811865476
vn -0.7071067811865476 0 -0.7071067811865476
vn 0 1 0
vn 0 -1 0
vn -0.7071067811865458 0 0.7071067811865493
vn 0.7071067811865467 0 -0.7071067811865485
vn 0.7071067811865476 0 -0.7071067811865475
vn -0.7071067811865474 0 0.7071067811865477
vn 0 1 0
vn 0 -1 0
vn 0.7071067811865485 0 0.7071067811865467
vn -0.7071067811865476 0 -0.7071067811865476
vn -0.7071067811865474 0 -0.7071067811865478
vn 0.7071067811865474 0 0.7071067811865477
vn 0 1 0
vn 0 -1 0
vn 0.7071067811865485 0 -0.7071067811865467
vn -0.7071067811865471 0 0.707106781186548
vn -0.7071067811865475 0 0.7071067811865476
vn 0.7071067811865475 0 -0.7071067811865476
vn 0 1 0
vn 0 -1 0
vn -0.7071067811865485 0 -0.7071067811865467
vn 0.7071067811865467 0 0.7071067811865485
vn -0.7071067811865477 0 -0.7071067811865475
vn 0.7071067811865475 0 0.7071067811865477
vn 0 1 0
vn 0 -1 0
vn 0.383557793965511 0 -0.9235168751508067
vn -0.9212495614113859 0 0.3889720370403623
vn -0.37637704695593815 0 -0.9264665771223092
vn -0.3663719624834528 0 0.9304684761484526
vn 0 1 0
vn 0 -1 0
vn 1 0 0
vn -1 0 -1.2335811384723962e-16
vn -0.7071067811865475 0 0.7071067811865477
vn 0.7071067811865474 0 -0.7071067811865478
vn 0 1 0
vn 0 -1 0
vn -0.9235168751508073 0 -0.38355779396550993
vn 0.3889720370403631 0 0.9212495614113858
vn -0.9264665771223092 1.0285845254668457e-16 0.3763770469559381
vn 0.9304684761484526 0 0.36637196248345305
vn 0 1 1.7763568394002505e-15
vn -2.220446049250313e-16 -1 -7.979727989493313e-16
vn 0 0 -1
vn 0 0 1
vn 0.7071067811865476 0 0.7071067811865476
vn -0.7071067811865475 0 -0.7071067811865476
vn 0 1 0
vn 0 -1 0
vn -0.3835577939655103 0 0.9235168751508072
vn 0.9212495614113857 0 -0.388972037040363
vn 0.37637704695593815 0 0.9264665771223092
vn 0.36637196248345333 0 -0.9304684761484525
vn 0 1 0
vn 0 -1 0
vn -1 0 1.1102230246251565e-16
vn 1 0 -2.4671622769447924e-16
vn 0.7071067811865477 0 -0.7071067811865475
vn -0.7071067811865475 0 0.7071067811865476
vn 0 1 0
vn 0 -1 0
vn 0.923516875150807 0 0.38355779396551054
vn -0.3889720370403631 0 -0.9212495614113858
vn 0.9264665771223092 0 -0.37637704695593815
vn -0.9304684761484526 0 -0.36637196248345305
vn 0 1 0
vn 0 -1 0
vn 0 0 1
vn 0 0 -1
vn 1 0 0
vn -1 0 0
vn 0 1 0
vn 0 -1 0
vn 0 0 1
vn 0 0 -1
vn 1 0 0
vn -0.44721359549995804 -0.8944271909999161 0
vn 0.24253562503633297 0.9701425001453319 0
vn 0 0 1
vn 0 0 -1
vn 2.220446049250313e-16 0 -1
vn 0 -0.8944271909999159 0.44721359549995804
vn 5.38537270414381e-17 0.9701425001453319 -0.24253562503633302
vn 1 0 2.2204460492503136e-16
vn -1 0 -2.2204460492503126e-16
vn 2.2204460492503126e-16 0 -1
vn -0.23570226039551576 0.9428090415820635 -0.23570226039551598
vn 0.40824829046386285 -0.8164965809277261 0.40824829046386324
vn -1 0 -2.2204460492503136e-16
vn -1 0 2.2204460492503136e-16
vn -0.23570226039551587 0.9428090415820635 0.23570226039551598
vn 0.4082482904638631 -0.8164965809277261 -0.40824829046386324
vn 0 0 1
vn 1 0 0
vn 0.23570226039551587 0.9428090415820635 -0.23570226039551587
vn -0.4082482904638631 -0.8164965809277261 0.4082482904638631
vn 0 0 -1
vn 2.2204460492503136e-16 0 1
vn 0.23570226039551598 0.9428090415820635 0.2357022603955158
vn -0.40824829046386324 -0.816496580927726 -0.40824829046386296
vn 1 0 -2.220446049250313e-16
vn -1 0 1.1102230246251565e-16
vn 0.44721359549995804 -0.8944271909999161 0
vn -0.24253562503633297 0.9701425001453319 2.6926863520719043e-17
vn 0 0 -1
vn 2.2204460492503136e-16 0 1
vn 2.220446049250313e-16 0 1
vn -4.965068306494547e-17 -0.8944271909999161 -0.44721359549995804
vn 5.38537270414381e-17 0.970142500145332 0.242535625036333
vn -1 0 2.220446049250313e-16
vn 1 0 -2.2204460492503136e-16
vn 1 0 0
vn -1 0 0
vn 0 1 0
vn 0 -1 0
vn 0 0 1
vn 0 0 -1
vn 1 0 0
vn -1 0 0
vn 0 1 0
vn 0 -1 0
vn 0 0 1
vn 0 0 -1
vn 1 0 0
vn -1 0 0
vn 0 1 0
vn 0 -1 0
vn 0 0 1
vn 0 0 -1
vn 1 0 0
vn -1 0 0
vn 0 1 0
vn 0 -1 0
vn 0 0 1
vn 0 0 -1
vn 1 0 0
vn -1 0 0
vn 0 1 0
vn 0 -1 0
vn 0 0 1
vn 0 0 -1
vn 1 0 0
vn -1 0 0
vn 0 1 0
vn 0 -1 0
vn 0 0 1
vn 0 0 -1
vn 1 0 0
vn -1 0 0
vn 0 1 0
vn 0 -1 0
vn 0 0 1
vn 0 0 -1
vn -1 0 0
vn 1 0 0
vn 0 1 0
vn 0 -1 0
vn 0 0 -1
vn 0 0 1
vn 1 0 0
vn -1 0 0
vn 0 1 0
vn 0 -1 0
vn 0 0 1
vn 0 0 -1
vn 1 0 0
vn -1 0 0
vn 0 1 0
vn 0 -1 0
vn 0 0 1
vn 0 0 -1
vn 1 0 0
vn -1 0 0
vn 0 1 0
vn 0 -1 0
vn 0 0 1
vn 0 0 -1
vn 1 0 0
vn -1 0 0
vn 0 1 0
vn 0 -1 0
vn 0 0 1
vn 0 0 -1
vn 1 0 0
vn -1 0 0
vn 0 1 0
vn 0 -1 0
vn 0 0 1
vn 0 0 -1
vn 1 0 0
vn -1 0 0
vn 0 1 0
vn 0 -1 0
vn 0 0 1
vn 0 0 -1
vn 1 0 0
vn -1 0 0
vn 0 1 0
vn 0 -1 0
vn 0 0 1
vn 0 0 -1
vn 1 0 0
vn -1 0 0
vn 0 1 0
vn 0 -1 0
vn 0 0 1
vn 0 0 -1
vn 0 0 1
vn 0 0 -1
vn 0 1 0
vn 0 -1 0
vn -1 0 0
vn 1 0 0
vn 0 0 1
vn 0 0 -1
vn 0 1 0
vn 0 -1 0
vn -1 0 0
vn 1 0 0
vn 0 0 1
vn 0 0 -1
vn 0 1 0
vn 0 -1 0
vn -1 0 1.1102230246251565e-16
vn 1 0 0
vn 0 0 1
vn 0 0 -1
vn 0 1 0
vn 0 -1 0
vn -1 0 1.1102230246251565e-16
vn 1 0 0
vn 1 0 0
vn -1 0 0
vn 0 1 0
vn 0 -1 0
vn 0 0 1
vn 0 0 -1
vn 1 0 0
vn -1 0 0
vn 0 1 0
vn 0 -1 0
vn 0 0 1
vn 0 0 -1
vn 1 0 0
vn -1 0 0
vn 0 1 0
vn 0 -1 0
vn 0 0 1
vn 0 0 -1
vn 1 0 0
vn 0 1 0
vn 0 -1 0
vn 0 0 1
vn 0 0 -1
vn -1 0 0
vn 0.7071067811865474 0 0.7071067811865478
vn -0.7071067811865474 0 -0.7071067811865478
vn 0 1 0
vn 0 -1 0
vn -0.7071067811865471 0 0.707106781186548
vn 0.7071067811865471 0 -0.707106781186548
vn 0.7071067811865472 0 0.7071067811865478
vn -0.7071067811865476 0 -0.7071067811865476
vn 0 1 0
vn 0 -1 0
vn -0.7071067811865471 0 0.707106781186548
vn 0.7071067811865467 0 -0.7071067811865485
vn 0.7071067811865475 0 0.7071067811865477
vn -0.7071067811865477 0 -0.7071067811865475
vn 0 1 0
vn 0 -1 0
vn -0.7071067811865471 0 0.707106781186548
vn 0.7071067811865476 0 -0.7071067811865476
vn 0.7071067811865474 0 -0.7071067811865478
vn -0.7071067811865474 0 0.7071067811865478
vn 0 1 0
vn 0 -1 0
vn 0.7071067811865476 0 0.7071067811865476
vn -0.7071067811865476 0 -0.7071067811865476
vn 0.7071067811865472 0 -0.7071067811865478
vn -0.7071067811865472 0 0.7071067811865478
vn 0 1 0
vn 0 -1 0
vn 0.7071067811865476 0 0.7071067811865476
vn -0.7071067811865476 0 -0.7071067811865476
vn 0.7071067811865477 0 -0.7071067811865475
vn -0.7071067811865474 0 0.7071067811865478
vn 0 1 0
vn 0 -1 0
vn 0.7071067811865465 0 0.7071067811865487
vn -0.7071067811865476 0 -0.7071067811865476
vn -0.7071067811865471 0 -0.707106781186548
vn 0.7071067811865471 0 0.707106781186548
vn 0 1 0
vn 0 -1 0
vn 0.7071067811865476 0 -0.7071067811865476
vn -0.7071067811865476 0 0.7071067811865476
vn -0.7071067811865472 0 -0.7071067811865478
vn 0.7071067811865472 0 0.7071067811865478
vn 0 1 0
vn 0 -1 0
vn 0.7071067811865476 0 -0.7071067811865476
vn -0.7071067811865476 0 0.7071067811865476
vn -0.7071067811865476 0 -0.7071067811865476
vn 0.7071067811865476 0 0.7071067811865476
vn 0 1 0
vn 0 -1 0
vn 0.7071067811865476 0 -0.7071067811865476
vn -0.7071067811865476 0 0.7071067811865476
vn -0.7071067811865471 0 0.707106781186548
vn 0.7071067811865471 0 -0.707106781186548
vn 0 1 0
vn 0 -1 0
vn -0.7071067811865476 0 -0.7071067811865476
vn 0.7071067811865476 0 0.7071067811865476
vn -0.7071067811865475 0 0.7071067811865477
vn 0.7071067811865475 0 -0.7071067811865477
vn 0 1 0
vn 0 -1 0
vn -0.7071067811865476 0 -0.7071067811865476
vn 0.7071067811865476 0 0.7071067811865476
vn -0.7071067811865478 0 0.7071067811865472
vn 0.7071067811865478 0 -0.7071067811865472
vn 0 1 0
vn 0 -1 0
vn -0.7071067811865476 0 -0.7071067811865476
vn 0.7071067811865476 0 0.7071067811865476
vn 1 0 0
vn 0 1 0
vn 0 -1 0
vn 0 0 1
vn 0 0 -1
vn -1 0 0
vn 0 0 -1
vn 0 1 0
vn 0 -1 0
vn 1 0 0
vn -1 0 -2.220446049250313e-16
vn 0 0 1
vn 4.440892098500627e-16 0 -1
vn 0 1 0
vn 0 -1 0
vn 1 0 2.220446049250313e-16
vn -1 0 -4.44089209850063e-16
vn -8.881784197001252e-16 0 1
vn -1 0 0
vn 0 1 0
vn 0 -1 0
vn 0 0 -1
vn 1.1102230246251565e-16 0 1
vn 1 0 0
vn -1 0 0
vn 0 1 0
vn 0 -1 0
vn -1.1102230246251565e-16 0 -1
vn 0 0 1
vn 1 0 0
vn 4.440892098500627e-16 0 1
vn 0 1 0
vn 0 -1 0
vn -1 0 4.440892098500626e-16
vn 1 0 -2.220446049250313e-16
vn -4.440892098500626e-16 0 -1
vn 4.440892098500627e-16 0 1
vn 0 1 0
vn 0 -1 0
vn -1 0 2.220446049250313e-16
vn 1 0 0
vn 0 0 -1
vn 1 0 0
vn -1 0 0
vn 0 1 0
vn 0 -1 0
vn 0 0 1
vn 0 0 -1
vn 1 0 0
vn -1 0 0
vn 0 1 0
vn 0 -1 0
vn 0 0 1
vn 0 0 -1
vn 1 0 0
vn -1 0 0
vn 0 1 0
vn 0 -1 0
vn 0 0 1
vn 0 0 -1
vn 1 0 0
vn -1 0 0
vn 0 1 0
vn 0 -1 0
vn 0 0 1
vn 0 0 -1
vn 1 0 0
vn -1 0 0
vn 0 1 0
vn 0 -1 0
vn 0 0 1
vn 0 0 -1
vn -1 0 0
vn 1 0 0
vn 0 1 0
vn 0 -1 0
vn 0 0 -1
vn 0 0 1
vn -1 0 0
vn 1 0 0
vn 0 1 0
vn 0 -1 0
vn 0 0 -1
vn 0 0 1
vn 1 0 0
vn -1 0 0
vn 0 1 0
vn 0 -1 0
vn 0 0 1
vn 0 0 -1
usemtl m_3cd41fd8-a924-3337-10c6-43431aef2fe8
f 3/1/1 2/2/1 4/3/1 5/4/1
f 8/5/2 6/6/2 7/7/2 9/8/2
f 6/9/3 2/10/3 3/11/3 7/12/3
f 5/13/4 4/14/4 8/15/4 9/16/4
f 4/17/5 2/18/5 6/19/5 8/20/5
f 7/21/6 3/22/6 5/23/6 9/24/6
f 11/25/7 10/26/7 12/27/7 13/28/7
f 16/29/8 14/30/8 15/31/8 17/32/8
f 14/33/9 10/34/9 11/35/9 15/36/9
f 13/37/10 12/38/10 16/39/10 17/40/10
f 12/41/11 10/42/11 14/43/11 16/44/11
f 15/45/12 11/46/12 13/47/12 17/48/12
usemtl m_cbbaa641-3d5f-bbfd-250c-0a2cedf235de
f 19/49/13 18/50/13 20/51/13 21/52/13
f 24/53/14 22/54/14 23/55/14 25/56/14
usemtl m_05827b62-747b-aacc-f312-8bb8042344cc
f 22/57/15 18/58/15 19/59/15 23/60/15
usemtl m_cbbaa641-3d5f-bbfd-250c-0a2cedf235de
f 21/61/16 20/62/16 24/63/16 25/64/16
f 20/65/17 18/66/17 22/67/17 24/68/17
f 23/69/18 19/70/18 21/71/18 25/72/18
usemtl m_3cd41fd8-a924-3337-10c6-43431aef2fe8
f 27/73/19 26/74/19 28/75/19 29/76/19
f 32/77/20 30/78/20 31/79/20 33/80/20
f 30/81/21 26/82/21 27/83/21 31/84/21
f 29/85/22 28/86/22 32/87/22 33/88/22
f 28/89/23 26/90/23 30/91/23 32/92/23
f 31/93/24 27/94/24 29/95/24 33/96/24
f 35/97/25 34/98/25 36/99/25 37/100/25
f 40/101/26 38/102/26 39/103/26 41/104/26
f 38/105/27 34/106/27 35/107/27 39/108/27
f 37/109/28 36/110/28 40/111/28 41/112/28
f 36/113/29 34/114/29 38/115/29 40/116/29
f 39/117/30 35/118/30 37/119/30 41/120/30
usemtl none
f 43/121/31 42/122/31 44/123/31 45/124/31
f 48/125/32 46/126/32 47/127/32 49/128/32
f 46/129/33 42/130/33 43/131/33 47/132/33
f 45/133/34 44/134/34 48/135/34 49/136/34
f 44/137/35 42/138/35 46/139/35 48/140/35
f 47/141/36 43/142/36 45/143/36 49/144/36
usemtl m_3cd41fd8-a924-3337-10c6-43431aef2fe8
f 51/145/37 50/146/37 52/147/37 53/148/37
f 56/149/38 54/150/38 55/151/38 57/152/38
f 54/153/39 50/154/39 51/155/39 55/156/39
f 53/157/40 52/158/40 56/159/40 57/160/40
f 52/161/41 50/162/41 54/163/41 56/164/41
f 55/165/42 51/166/42 53/167/42 57/168/42
f 59/169/43 58/170/43 60/171/43 61/172/43
f 64/173/44 62/174/44 63/175/44 65/176/44
f 62/177/45 58/178/45 59/179/45 63/180/45
f 61/181/46 60/182/46 64/183/46 65/184/46
f 60/185/47 58/186/47 62/187/47 64/188/47
f 63/189/48 59/190/48 61/191/48 65/192/48
f 67/193/49 66/194/49 68/195/49 69/196/49
f 72/197/50 70/198/50 71/199/50 73/200/50
f 70/201/51 66/202/51 67/203/51 71/204/51
f 69/205/52 68/206/52 72/207/52 73/208/52
f 68/209/53 66/210/53 70/211/53 72/212/53
f 71/213/54 67/214/54 69/215/54 73/216/54
f 75/217/55 74/218/55 76/219/55 77/220/55
f 80/221/56 78/222/56 79/223/56 81/224/56
f 78/225/57 74/226/57 75/227/57 79/228/57
f 77/229/58 76/230/58 80/231/58 81/232/58
f 76/233/59 74/234/59 78/235/59 80/236/59
f 79/237/60 75/238/60 77/239/60 81/240/60
f 83/241/61 82/242/61 84/243/61 85/244/61
f 88/245/62 86/246/62 87/247/62 89/248/62
f 86/249/63 82/250/63 83/251/63 87/252/63
f 85/253/64 84/254/64 88/255/64 89/256/64
f 84/257/65 82/258/65 86/259/65 88/260/65
f 87/261/66 83/262/66 85/263/66 89/264/66
f 91/265/67 90/266/67 92/267/67 93/268/67
f 96/269/68 94/270/68 95/271/68 97/272/68
f 94/273/69 90/274/69 91/275/69 95/276/69
f 93/277/70 92/278/70 96/279/70 97/280/70
f 92/281/71 90/282/71 94/283/71 96/284/71
f 95/285/72 91/286/72 93/287/72 97/288/72
f 99/289/73 98/290/73 100/291/73 101/292/73
f 104/293/74 102/294/74 103/295/74 105/296/74
f 102/297/75 98/298/75 99/299/75 103/300/75
f 101/301/76 100/302/76 104/303/76 105/304/76
f 100/305/77 98/306/77 102/307/77 104/308/77
f 103/309/78 99/310/78 101/311/78 105/312/78
f 107/313/79 106/314/79 108/315/79 109/316/79
f 112/317/80 110/318/80 111/319/80 113/320/80
f 110/321/81 106/322/81 107/323/81 111/324/81
f 109/325/82 108/326/82 112/327/82 113/328/82
f 108/329/83 106/330/83 110/331/83 112/332/83
f 111/333/84 107/334/84 109/335/84 113/336/84
f 115/337/85 114/338/85 116/339/85 117/340/85
f 120/341/86 118/342/86 119/343/86 121/344/86
f 118/345/87 114/346/87 115/347/87 119/348/87
f 117/349/88 116/350/88 120/351/88 121/352/88
f 116/353/89 114/354/89 118/355/89 120/356/89
f 119/357/90 115/358/90 117/359/90 121/360/90
f 123/361/91 122/362/91 124/363/91 125/364/91
f 128/365/92 126/366/92 127/367/92 129/368/92
f 126/369/93 122/370/93 123/371/93 127/372/93
f 125/373/94 124/374/94 128/375/94 129/376/94
f 124/377/95 122/378/95 126/379/95 128/380/95
f 127/381/96 123/382/96 125/383/96 129/384/96
f 131/385/97 130/386/97 132/387/97 133/388/97
f 136/389/98 134/390/98 135/391/98 137/392/98
f 134/393/99 130/394/99 131/395/99 135/396/99
f 133/397/100 132/398/100 136/399/100 137/400/100
f 132/401/101 130/402/101 134/403/101 136/404/101
f 135/405/102 131/406/102 133/407/102 137/408/102
f 139/409/103 138/410/103 140/411/103 141/412/103
f 144/413/104 142/414/104 143/415/104 145/416/104
f 142/417/105 138/418/105 139/419/105 143/420/105
f 141/421/106 140/422/106 144/423/106 145/424/106
f 140/425/107 138/426/107 142/427/107 144/428/107
f 143/429/108 139/430/108 141/431/108 145/432/108
f 147/433/109 146/434/109 148/435/109 149/436/109
f 152/437/110 150/438/110 151/439/110 153/440/110
f 150/441/111 146/442/111 147/443/111 151/444/111
f 149/445/112 148/446/112 152/447/112 153/448/112
f 148/449/113 146/450/113 150/451/113 152/452/113
f 151/453/114 147/454/114 149/455/114 153/456/114
f 155/457/115 154/458/115 156/459/115 157/460/115
f 160/461/116 158/462/116 159/463/116 161/464/116
f 158/465/117 154/466/117 155/467/117 159/468/117
f 157/469/118 156/470/118 160/471/118 161/472/118
f 156/473/119 154/474/119 158/475/119 160/476/119
f 159/477/120 155/478/120 157/479/120 161/480/120
f 163/481/121 162/482/121 164/483/121 165/484/121
f 168/485/122 166/486/122 167/487/122 169/488/122
f 166/489/123 162/490/123 163/491/123 167/492/123
f 165/493/124 164/494/124 168/495/124 169/496/124
f 164/497/125 162/498/125 166/499/125 168/500/125
f 167/501/126 163/502/126 165/503/126 169/504/126
f 171/505/127 170/506/127 172/507/127 173/508/127
f 176/509/128 174/510/128 175/511/128 177/512/128
f 174/513/129 170/514/129 171/515/129 175/516/129
f 173/517/130 172/518/130 176/519/130 177/520/130
f 172/521/131 170/522/131 174/523/131 176/524/131
f 175/525/132 171/526/132 173/527/132 177/528/132
f 179/529/133 178/530/133 180/531/133 181/532/133
f 184/533/134 182/534/134 183/535/134 185/536/134
f 182/537/135 178/538/135 179/539/135 183/540/135
f 181/541/136 180/542/136 184/543/136 185/544/136
f 180/545/137 178/546/137 182/547/137 184/548/137
f 183/549/138 179/550/138 181/551/138 185/552/138
f 187/553/139 186/554/139 188/555/139 189/556/139
f 192/557/140 190/558/140 191/559/140 193/560/140
f 190/561/141 186/562/141 187/563/141 191/564/141
f 189/565/142 188/566/142 192/567/142 193/568/142
f 188/569/143 186/570/143 190/571/143 192/572/143
f 191/573/144 187/574/144 189/575/144 193/576/144
f 195/577/145 194/578/145 196/579/145 197/580/145
f 200/581/146 198/582/146 199/583/146 201/584/146
f 198/585/147 194/586/147 195/587/147 199/588/147
f 197/589/148 196/590/148 200/591/148 201/592/148
f 196/593/149 194/594/149 198/595/149 200/596/149
f 199/597/150 195/598/150 197/599/150 201/600/150
f 203/601/151 202/602/151 204/603/151 205/604/151
f 208/605/152 206/606/152 207/607/152 209/608/152
f 206/609/153 202/610/153 203/611/153 207/612/153
f 205/613/154 204/614/154 208/615/154 209/616/154
f 204/617/155 202/618/155 206/619/155 208/620/155
f 207/621/156 203/622/156 205/623/156 209/624/156
f 211/625/157 210/626/157 212/627/157 213/628/157
f 216/629/158 214/630/158 215/631/158 217/632/158
f 214/633/159 210/634/159 211/635/159 215/636/159
f 213/637/160 212/638/160 216/639/160 217/640/160
f 212/641/161 210/642/161 214/643/161 216/644/161
f 215/645/162 211/646/162 213/647/162 217/648/162
f 219/649/163 218/650/163 220/651/163 221/652/163
f 224/653/164 222/654/164 223/655/164 225/656/164
f 222/657/165 218/658/165 219/659/165 223/660/165
f 221/661/166 220/662/166 224/663/166 225/664/166
f 220/665/167 218/666/167 222/667/167 224/668/167
f 223/669/168 219/670/168 221/671/168 225/672/168
f 227/673/169 226/674/169 228/675/169 229/676/169
f 232/677/170 230/678/170 231/679/170 233/680/170
f 230/681/171 226/682/171 227/683/171 231/684/171
f 229/685/172 228/686/172 232/687/172 233/688/172
f 228/689/173 226/690/173 230/691/173 232/692/173
f 231/693/174 227/694/174 229/695/174 233/696/174
f 235/697/175 234/698/175 236/699/175 237/700/175
f 240/701/176 238/702/176 239/703/176 241/704/176
f 238/705/177 234/706/177 235/707/177 239/708/177
f 237/709/178 236/710/178 240/711/178 241/712/178
f 236/713/179 234/714/179 238/715/179 240/716/179
f 239/717/180 235/718/180 237/719/180 241/720/180
f 243/721/181 242/722/181 244/723/181 245/724/181
f 248/725/182 246/726/182 247/727/182 249/728/182
f 246/729/183 242/730/183 243/731/183 247/732/183
f 245/733/184 244/734/184 248/735/184 249/736/184
f 244/737/185 242/738/185 246/739/185 248/740/185
f 247/741/186 243/742/186 245/743/186 249/744/186
f 251/745/187 250/746/187 252/747/187 253/748/187
f 256/749/188 254/750/188 255/751/188 257/752/188
f 254/753/189 250/754/189 251/755/189 255/756/189
f 253/757/190 252/758/190 256/759/190 257/760/190
f 252/761/191 250/762/191 254/763/191 256/764/191
f 255/765/192 251/766/192 253/767/192 257/768/192
f 259/769/193 258/770/193 260/771/193 261/772/193
f 264/773/194 262/774/194 263/775/194 265/776/194
f 262/777/195 258/778/195 259/779/195 263/780/195
f 261/781/196 260/782/196 264/783/196 265/784/196
f 260/785/197 258/786/197 262/787/197 264/788/197
f 263/789/198 259/790/198 261/791/198 265/792/198
f 267/793/199 266/794/199 268/795/199 269/796/199
f 272/797/200 270/798/200 271/799/200 273/800/200
f 270/801/201 266/802/201 267/803/201 271/804/201
f 269/805/202 268/806/202 272/807/202 273/808/202
f 268/809/203 266/810/203 270/811/203 272/812/203
f 271/813/204 267/814/204 269/815/204 273/816/204
f 275/817/205 274/818/205 276/819/205 277/820/205
f 280/821/206 278/822/206 279/823/206 281/824/206
f 278/825/207 274/826/207 275/827/207 279/828/207
f 277/829/208 276/830/208 280/831/208 281/832/208
f 276/833/209 274/834/209 278/835/209 280/836/209
f 279/837/210 275/838/210 277/839/210 281/840/210
f 283/841/211 282/842/211 284/843/211 285/844/211
f 288/845/212 286/846/212 287/847/212 289/848/212
f 286/849/213 282/850/213 283/851/213 287/852/213
f 285/853/214 284/854/214 288/855/214 289/856/214
f 284/857/215 282/858/215 286/859/215 288/860/215
f 287/861/216 283/862/216 285/863/216 289/864/216
f 291/865/217 290/866/217 292/867/217 293/868/217
f 296/869/218 294/870/218 295/871/218 297/872/218
f 294/873/219 290/874/219 291/875/219 295/876/219
f 293/877/220 292/878/220 296/879/220 297/880/220
f 292/881/221 290/882/221 294/883/221 296/884/221
f 295/885/222 291/886/222 293/887/222 297/888/222
f 299/889/223 298/890/223 300/891/223 301/892/223
f 304/893/224 302/894/224 303/895/224 305/896/224
f 302/897/225 298/898/225 299/899/225 303/900/225
f 301/901/226 300/902/226 304/903/226 305/904/226
f 300/905/227 298/906/227 302/907/227 304/908/227
f 303/909/228 299/910/228 301/911/228 305/912/228
f 307/913/229 306/914/229 308/915/229 309/916/229
f 312/917/230 310/918/230 311/919/230 313/920/230
f 310/921/231 306/922/231 307/923/231 311/924/231
f 309/925/232 308/926/232 312/927/232 313/928/232
f 308/929/233 306/930/233 310/931/233 312/932/233
f 311/933/234 307/934/234 309/935/234 313/936/234
f 315/937/235 314/938/235 316/939/235 317/940/235
f 320/941/236 318/942/236 319/943/236 321/944/236
f 318/945/237 314/946/237 315/947/237 319/948/237
f 317/949/238 316/950/238 320/951/238 321/952/238
f 316/953/239 314/954/239 318/955/239 320/956/239
f 319/957/240 315/958/240 317/959/240 321/960/240
f 323/961/241 322/962/241 324/963/241 325/964/241
f 328/965/242 326/966/242 327/967/242 329/968/242
f 326/969/243 322/970/243 323/971/243 327/972/243
f 325/973/244 324/974/244 328/975/244 329/976/244
f 324/977/245 322/978/245 326/979/245 328/980/245
f 327/981/246 323/982/246 325/983/246 329/984/246
f 331/985/247 330/986/247 332/987/247 333/988/247
f 336/989/248 334/990/248 335/991/248 337/992/248
f 334/993/249 330/994/249 331/995/249 335/996/249
f 333/997/250 332/998/250 336/999/250 337/1000/250
f 332/1001/251 330/1002/251 334/1003/251 336/1004/251
f 335/1005/252 331/1006/252 333/1007/252 337/1008/252
f 339/1009/253 338/1010/253 340/1011/253 341/1012/253
f 344/1013/254 342/1014/254 343/1015/254 345/1016/254
f 342/1017/255 338/1018/255 339/1019/255 343/1020/255
f 341/1021/256 340/1022/256 344/1023/256 345/1024/256
f 340/1025/257 338/1026/257 342/1027/257 344/1028/257
f 343/1029/258 339/1030/258 341/1031/258 345/1032/258
f 347/1033/259 346/1034/259 348/1035/259 349/1036/259
f 352/1037/260 350/1038/260 351/1039/260 353/1040/260
f 350/1041/261 346/1042/261 347/1043/261 351/1044/261
f 349/1045/262 348/1046/262 352/1047/262 353/1048/262
f 348/1049/263 346/1050/263 350/1051/263 352/1052/263
f 351/1053/264 347/1054/264 349/1055/264 353/1056/264
f 355/1057/265 354/1058/265 356/1059/265 357/1060/265
f 360/1061/266 358/1062/266 359/1063/266 361/1064/266
f 358/1065/267 354/1066/267 355/1067/267 359/1068/267
f 357/1069/268 356/1070/268 360/1071/268 361/1072/268
f 356/1073/269 354/1074/269 358/1075/269 360/1076/269
f 359/1077/270 355/1078/270 357/1079/270 361/1080/270
f 363/1081/271 362/1082/271 364/1083/271 365/1084/271
f 368/1085/272 366/1086/272 367/1087/272 369/1088/272
f 366/1089/273 362/1090/273 363/1091/273 367/1092/273
f 365/1093/274 364/1094/274 368/1095/274 369/1096/274
f 364/1097/275 362/1098/275 366/1099/275 368/1100/275
f 367/1101/276 363/1102/276 365/1103/276 369/1104/276
f 371/1105/277 370/1106/277 372/1107/277 373/1108/277
f 376/1109/278 374/1110/278 375/1111/278 377/1112/278
f 374/1113/279 370/1114/279 371/1115/279 375/1116/279
f 373/1117/280 372/1118/280 376/1119/280 377/1120/280
f 372/1121/281 370/1122/281 374/1123/281 376/1124/281
f 375/1125/282 371/1126/282 373/1127/282 377/1128/282
f 379/1129/283 378/1130/283 380/1131/283 381/1132/283
f 384/1133/284 382/1134/284 383/1135/284 385/1136/284
f 382/1137/285 378/1138/285 379/1139/285 383/1140/285
f 381/1141/286 380/1142/286 384/1143/286 385/1144/286
f 380/1145/287 378/1146/287 382/1147/287 384/1148/287
f 383/1149/288 379/1150/288 381/1151/288 385/1152/288
f 387/1153/289 386/1154/289 388/1155/289 389/1156/289
f 392/1157/290 390/1158/290 391/1159/290 393/1160/290
f 390/1161/291 386/1162/291 387/1163/291 391/1164/291
f 389/1165/292 388/1166/292 392/1167/292 393/1168/292
f 388/1169/293 386/1170/293 390/1171/293 392/1172/293
f 391/1173/294 387/1174/294 389/1175/294 393/1176/294
f 395/1177/295 394/1178/295 396/1179/295 397/1180/295
f 400/1181/296 398/1182/296 399/1183/296 401/1184/296
f 398/1185/297 394/1186/297 395/1187/297 399/1188/297
f 397/1189/298 396/1190/298 400/1191/298 401/1192/298
f 396/1193/299 394/1194/299 398/1195/299 400/1196/299
f 399/1197/300 395/1198/300 397/1199/300 401/1200/300
f 403/1201/301 402/1202/301 404/1203/301 405/1204/301
f 408/1205/302 406/1206/302 407/1207/302 409/1208/302
f 406/1209/303 402/1210/303 403/1211/303 407/1212/303
f 405/1213/304 404/1214/304 408/1215/304 409/1216/304
f 404/1217/305 402/1218/305 406/1219/305 408/1220/305
f 407/1221/306 403/1222/306 405/1223/306 409/1224/306
f 411/1225/307 410/1226/307 412/1227/307 413/1228/307
f 416/1229/308 414/1230/308 415/1231/308 417/1232/308
f 414/1233/309 410/1234/309 411/1235/309 415/1236/309
f 413/1237/310 412/1238/310 416/1239/310 417/1240/310
f 412/1241/311 410/1242/311 414/1243/311 416/1244/311
f 415/1245/312 411/1246/312 413/1247/312 417/1248/312
f 419/1249/313 418/1250/313 420/1251/313 421/1252/313
f 424/1253/314 422/1254/314 423/1255/314 425/1256/314
f 422/1257/315 418/1258/315 419/1259/315 423/1260/315
f 421/1261/316 420/1262/316 424/1263/316 425/1264/316
f 420/1265/317 418/1266/317 422/1267/317 424/1268/317
f 423/1269/318 419/1270/318 421/1271/318 425/1272/318
f 427/1273/319 426/1274/319 428/1275/319 429/1276/319
f 432/1277/320 430/1278/320 431/1279/320 433/1280/320
f 430/1281/321 426/1282/321 427/1283/321 431/1284/321
f 429/1285/322 428/1286/322 432/1287/322 433/1288/322
f 428/1289/323 426/1290/323 430/1291/323 432/1292/323
f 431/1293/324 427/1294/324 429/1295/324 433/1296/324
f 435/1297/325 434/1298/325 436/1299/325 437/1300/325
f 440/1301/326 438/1302/326 439/1303/326 441/1304/326
f 438/1305/327 434/1306/327 435/1307/327 439/1308/327
f 437/1309/328 436/1310/328 440/1311/328 441/1312/328
f 436/1313/329 434/1314/329 438/1315/329 440/1316/329
f 439/1317/330 435/1318/330 437/1319/330 441/1320/330
f 443/1321/331 442/1322/331 444/1323/331 445/1324/331
f 448/1325/332 446/1326/332 447/1327/332 449/1328/332
f 446/1329/333 442/1330/333 443/1331/333 447/1332/333
f 445/1333/334 444/1334/334 448/1335/334 449/1336/334
f 444/1337/335 442/1338/335 446/1339/335 448/1340/335
f 447/1341/336 443/1342/336 445/1343/336 449/1344/336
f 451/1345/337 450/1346/337 452/1347/337 453/1348/337
f 456/1349/338 454/1350/338 455/1351/338 457/1352/338
f 454/1353/339 450/1354/339 451/1355/339 455/1356/339
f 453/1357/340 452/1358/340 456/1359/340 457/1360/340
f 452/1361/341 450/1362/341 454/1363/341 456/1364/341
f 455/1365/342 451/1366/342 453/1367/342 457/1368/342
f 459/1369/343 458/1370/343 460/1371/343 461/1372/343
f 464/1373/344 462/1374/344 463/1375/344 465/1376/344
f 462/1377/345 458/1378/345 459/1379/345 463/1380/345
f 461/1381/346 460/1382/346 464/1383/346 465/1384/346
f 460/1385/347 458/1386/347 462/1387/347 464/1388/347
f 463/1389/348 459/1390/348 461/1391/348 465/1392/348
f 467/1393/349 466/1394/349 468/1395/349 469/1396/349
f 472/1397/350 470/1398/350 471/1399/350 473/1400/350
f 470/1401/351 466/1402/351 467/1403/351 471/1404/351
f 469/1405/352 468/1406/352 472/1407/352 473/1408/352
f 468/1409/353 466/1410/353 470/1411/353 472/1412/353
f 471/1413/354 467/1414/354 469/1415/354 473/1416/354
f 475/1417/355 474/1418/355 476/1419/355 477/1420/355
f 480/1421/356 478/1422/356 479/1423/356 481/1424/356
f 478/1425/357 474/1426/357 475/1427/357 479/1428/357
f 477/1429/358 476/1430/358 480/1431/358 481/1432/358
f 476/1433/359 474/1434/359 478/1435/359 480/1436/359
f 479/1437/360 475/1438/360 477/1439/360 481/1440/360
f 483/1441/361 482/1442/361 484/1443/361 485/1444/361
f 488/1445/362 486/1446/362 487/1447/362 489/1448/362
f 486/1449/363 482/1450/363 483/1451/363 487/1452/363
f 485/1453/364 484/1454/364 488/1455/364 489/1456/364
f 484/1457/365 482/1458/365 486/1459/365 488/1460/365
f 487/1461/366 483/1462/366 485/1463/366 489/1464/366
f 491/1465/367 490/1466/367 492/1467/367 493/1468/367
f 496/1469/368 494/1470/368 495/1471/368 497/1472/368
f 494/1473/369 490/1474/369 491/1475/369 495/1476/369
f 493/1477/370 492/1478/370 496/1479/370 497/1480/370
f 492/1481/371 490/1482/371 494/1483/371 496/1484/371
f 495/1485/372 491/1486/372 493/1487/372 497/1488/372
f 499/1489/373 498/1490/373 500/1491/373 501/1492/373
f 504/1493/374 502/1494/374 503/1495/374 505/1496/374
f 502/1497/375 498/1498/375 499/1499/375 503/1500/375
f 501/1501/376 500/1502/376 504/1503/376 505/1504/376
f 500/1505/377 498/1506/377 502/1507/377 504/1508/377
f 503/1509/378 499/1510/378 501/1511/378 505/1512/378
f 507/1513/379 506/1514/379 508/1515/379 509/1516/379
f 512/1517/380 510/1518/380 511/1519/380 513/1520/380
f 510/1521/381 506/1522/381 507/1523/381 511/1524/381
f 509/1525/382 508/1526/382 512/1527/382 513/1528/382
f 508/1529/383 506/1530/383 510/1531/383 512/1532/383
f 511/1533/384 507/1534/384 509/1535/384 513/1536/384
f 515/1537/385 514/1538/385 516/1539/385 517/1540/385
f 520/1541/386 518/1542/386 519/1543/386 521/1544/386
f 518/1545/387 514/1546/387 515/1547/387 519/1548/387
f 517/1549/388 516/1550/388 520/1551/388 521/1552/388
f 516/1553/389 514/1554/389 518/1555/389 520/1556/389
f 519/1557/390 515/1558/390 517/1559/390 521/1560/390
f 523/1561/391 522/1562/391 524/1563/391 525/1564/391
f 528/1565/392 526/1566/392 527/1567/392 529/1568/392
f 526/1569/393 522/1570/393 523/1571/393 527/1572/393
f 525/1573/394 524/1574/394 528/1575/394 529/1576/394
f 524/1577/395 522/1578/395 526/1579/395 528/1580/395
f 527/1581/396 523/1582/396 525/1583/396 529/1584/396
f 531/1585/397 530/1586/397 532/1587/397 533/1588/397
f 536/1589/398 534/1590/398 535/1591/398 537/1592/398
f 534/1593/399 530/1594/399 531/1595/399 535/1596/399
f 533/1597/400 532/1598/400 536/1599/400 537/1600/400
f 532/1601/401 530/1602/401 534/1603/401 536/1604/401
f 535/1605/402 531/1606/402 533/1607/402 537/1608/402
f 539/1609/403 538/1610/403 540/1611/403 541/1612/403
f 544/1613/404 542/1614/404 543/1615/404 545/1616/404
f 542/1617/405 538/1618/405 539/1619/405 543/1620/405
f 541/1621/406 540/1622/406 544/1623/406 545/1624/406
f 540/1625/407 538/1626/407 542/1627/407 544/1628/407
f 543/1629/408 539/1630/408 541/1631/408 545/1632/408
f 547/1633/409 546/1634/409 548/1635/409 549/1636/409
f 552/1637/410 550/1638/410 551/1639/410 553/1640/410
f 550/1641/411 546/1642/411 547/1643/411 551/1644/411
f 549/1645/412 548/1646/412 552/1647/412 553/1648/412
f 548/1649/413 546/1650/413 550/1651/413 552/1652/413
f 551/1653/414 547/1654/414 549/1655/414 553/1656/414
f 555/1657/415 554/1658/415 556/1659/415 557/1660/415
f 560/1661/416 558/1662/416 559/1663/416 561/1664/416
f 558/1665/417 554/1666/417 555/1667/417 559/1668/417
f 557/1669/418 556/1670/418 560/1671/418 561/1672/418
f 556/1673/419 554/1674/419 558/1675/419 560/1676/419
f 559/1677/420 555/1678/420 557/1679/420 561/1680/420
f 563/1681/421 562/1682/421 564/1683/421 565/1684/421
f 568/1685/422 566/1686/422 567/1687/422 569/1688/422
f 566/1689/423 562/1690/423 563/1691/423 567/1692/423
f 565/1693/424 564/1694/424 568/1695/424 569/1696/424
f 564/1697/425 562/1698/425 566/1699/425 568/1700/425
f 567/1701/426 563/1702/426 565/1703/426 569/1704/426
f 571/1705/427 570/1706/427 572/1707/427 573/1708/427
f 576/1709/428 574/1710/428 575/1711/428 577/1712/428
f 574/1713/429 570/1714/429 571/1715/429 575/1716/429
f 573/1717/430 572/1718/430 576/1719/430 577/1720/430
f 572/1721/431 570/1722/431 574/1723/431 576/1724/431
f 575/1725/432 571/1726/432 573/1727/432 577/1728/432
f 579/1729/433 578/1730/433 580/1731/433 581/1732/433
f 584/1733/434 582/1734/434 583/1735/434 585/1736/434
f 582/1737/435 578/1738/435 579/1739/435 583/1740/435
f 581/1741/436 580/1742/436 584/1743/436 585/1744/436
f 580/1745/437 578/1746/437 582/1747/437 584/1748/437
f 583/1749/438 579/1750/438 581/1751/438 585/1752/438
f 587/1753/439 586/1754/439 588/1755/439 589/1756/439
f 592/1757/440 590/1758/440 591/1759/440 593/1760/440
f 590/1761/441 586/1762/441 587/1763/441 591/1764/441
f 589/1765/442 588/1766/442 592/1767/442 593/1768/442
f 588/1769/443 586/1770/443 590/1771/443 592/1772/443
f 591/1773/444 587/1774/444 589/1775/444 593/1776/444
f 595/1777/445 594/1778/445 596/1779/445 597/1780/445
f 600/1781/446 598/1782/446 599/1783/446 601/1784/446
f 598/1785/447 594/1786/447 595/1787/447 599/1788/447
f 597/1789/448 596/1790/448 600/1791/448 601/1792/448
f 596/1793/449 594/1794/449 598/1795/449 600/1796/449
f 599/1797/450 595/1798/450 597/1799/450 601/1800/450
f 603/1801/451 602/1802/451 606/1803/451 607/1804/451
f 606/1805/452 604/1806/452 605/1807/452 607/1808/452
f 604/1809/453 602/1810/453 603/1811/453 605/1812/453
f 602/1813/454 604/1814/454 606/1815/454
f 605/1816/455 603/1817/455 607/1818/455
f 609/1819/456 608/1820/456 612/1821/456 613/1822/456
f 612/1823/457 610/1824/457 611/1825/457 613/1826/457
f 610/1827/458 608/1828/458 609/1829/458 611/1830/458
f 608/1831/459 610/1832/459 612/1833/459
f 611/1834/460 609/1835/460 613/1836/460
f 615/1837/461 614/1838/461 617/1839/461
f 616/1840/462 614/1841/462 615/1842/462
f 614/1843/463 616/1844/463 617/1845/463
f 616/1846/464 615/1847/464 617/1848/464
f 619/1849/465 618/1850/465 621/1851/465
f 620/1852/466 618/1853/466 619/1854/466
f 618/1855/467 620/1856/467 621/1857/467
f 620/1858/468 619/1859/468 621/1860/468
f 623/1861/469 622/1862/469 625/1863/469
f 624/1864/470 622/1865/470 623/1866/470
f 622/1867/471 624/1868/471 625/1869/471
f 624/1870/472 623/1871/472 625/1872/472
f 627/1873/473 626/1874/473 629/1875/473
f 628/1876/474 626/1877/474 627/1878/474
f 626/1879/475 628/1880/475 629/1881/475
f 628/1882/476 627/1883/476 629/1884/476
f 631/1885/477 630/1886/477 634/1887/477 635/1888/477
f 634/1889/478 632/1890/478 633/1891/478 635/1892/478
f 632/1893/479 630/1894/479 631/1895/479 633/1896/479
f 630/1897/480 632/1898/480 634/1899/480
f 633/1900/481 631/1901/481 635/1902/481
f 637/1903/482 636/1904/482 640/1905/482 641/1906/482
f 640/1907/483 638/1908/483 639/1909/483 641/1910/483
f 638/1911/484 636/1912/484 637/1913/484 639/1914/484
f 636/1915/485 638/1916/485 640/1917/485
f 639/1918/486 637/1919/486 641/1920/486
usemtl m_05827b62-747b-aacc-f312-8bb8042344cc
f 643/1921/487 642/1922/487 644/1923/487 645/1924/487
f 648/1925/488 646/1926/488 647/1927/488 649/1928/488
usemtl m_cbbaa641-3d5f-bbfd-250c-0a2cedf235de
f 646/1929/489 642/1930/489 643/1931/489 647/1932/489
f 645/1933/490 644/1934/490 648/1935/490 649/1936/490
f 644/1937/491 642/1938/491 646/1939/491 648/1940/491
f 647/1941/492 643/1942/492 645/1943/492 649/1944/492
usemtl m_3cd41fd8-a924-3337-10c6-43431aef2fe8
f 651/1945/493 650/1946/493 652/1947/493 653/1948/493
f 656/1949/494 654/1950/494 655/1951/494 657/1952/494
f 654/1953/495 650/1954/495 651/1955/495 655/1956/495
f 653/1957/496 652/1958/496 656/1959/496 657/1960/496
f 652/1961/497 650/1962/497 654/1963/497 656/1964/497
f 655/1965/498 651/1966/498 653/1967/498 657/1968/498
f 659/1969/499 658/1970/499 660/1971/499 661/1972/499
f 664/1973/500 662/1974/500 663/1975/500 665/1976/500
f 662/1977/501 658/1978/501 659/1979/501 663/1980/501
f 661/1981/502 660/1982/502 664/1983/502 665/1984/502
f 660/1985/503 658/1986/503 662/1987/503 664/1988/503
f 663/1989/504 659/1990/504 661/1991/504 665/1992/504
f 667/1993/505 666/1994/505 668/1995/505 669/1996/505
f 672/1997/506 670/1998/506 671/1999/506 673/2000/506
f 670/2001/507 666/2002/507 667/2003/507 671/2004/507
f 669/2005/508 668/2006/508 672/2007/508 673/2008/508
f 668/2009/509 666/2010/509 670/2011/509 672/2012/509
f 671/2013/510 667/2014/510 669/2015/510 673/2016/510
f 675/2017/511 674/2018/511 676/2019/511 677/2020/511
usemtl m_cbbaa641-3d5f-bbfd-250c-0a2cedf235de
f 680/2021/512 678/2022/512 679/2023/512 681/2024/512
f 678/2025/513 674/2026/513 675/2027/513 679/2028/513
f 677/2029/514 676/2030/514 680/2031/514 681/2032/514
f 676/2033/515 674/2034/515 678/2035/515 680/2036/515
f 679/2037/516 675/2038/516 677/2039/516 681/2040/516
usemtl m_3cd41fd8-a924-3337-10c6-43431aef2fe8
f 683/2041/517 682/2042/517 684/2043/517 685/2044/517
f 688/2045/518 686/2046/518 687/2047/518 689/2048/518
f 686/2049/519 682/2050/519 683/2051/519 687/2052/519
f 685/2053/520 684/2054/520 688/2055/520 689/2056/520
f 684/2057/521 682/2058/521 686/2059/521 688/2060/521
f 687/2061/522 683/2062/522 685/2063/522 689/2064/522
f 691/2065/523 690/2066/523 692/2067/523 693/2068/523
f 696/2069/524 694/2070/524 695/2071/524 697/2072/524
f 694/2073/525 690/2074/525 691/2075/525 695/2076/525
f 693/2077/526 692/2078/526 696/2079/526 697/2080/526
f 692/2081/527 690/2082/527 694/2083/527 696/2084/527
f 695/2085/528 691/2086/528 693/2087/528 697/2088/528
f 699/2089/529 698/2090/529 700/2091/529 701/2092/529
f 704/2093/530 702/2094/530 703/2095/530 705/2096/530
f 702/2097/531 698/2098/531 699/2099/531 703/2100/531
f 701/2101/532 700/2102/532 704/2103/532 705/2104/532
f 700/2105/533 698/2106/533 702/2107/533 704/2108/533
f 703/2109/534 699/2110/534 701/2111/534 705/2112/534
f 707/2113/535 706/2114/535 708/2115/535 709/2116/535
f 712/2117/536 710/2118/536 711/2119/536 713/2120/536
f 710/2121/537 706/2122/537 707/2123/537 711/2124/537
f 709/2125/538 708/2126/538 712/2127/538 713/2128/538
f 708/2129/539 706/2130/539 710/2131/539 712/2132/539
f 711/2133/540 707/2134/540 709/2135/540 713/2136/540
f 715/2137/541 714/2138/541 716/2139/541 717/2140/541
f 720/2141/542 718/2142/542 719/2143/542 721/2144/542
f 718/2145/543 714/2146/543 715/2147/543 719/2148/543
f 717/2149/544 716/2150/544 720/2151/544 721/2152/544
f 716/2153/545 714/2154/545 718/2155/545 720/2156/545
f 719/2157/546 715/2158/546 717/2159/546 721/2160/546
f 723/2161/547 722/2162/547 724/2163/547 725/2164/547
f 728/2165/548 726/2166/548 727/2167/548 729/2168/548
f 726/2169/549 722/2170/549 723/2171/549 727/2172/549
f 725/2173/550 724/2174/550 728/2175/550 729/2176/550
f 724/2177/551 722/2178/551 726/2179/551 728/2180/551
f 727/2181/552 723/2182/552 725/2183/552 729/2184/552
f 731/2185/553 730/2186/553 732/2187/553 733/2188/553
f 736/2189/554 734/2190/554 735/2191/554 737/2192/554
f 734/2193/555 730/2194/555 731/2195/555 735/2196/555
f 733/2197/556 732/2198/556 736/2199/556 737/2200/556
f 732/2201/557 730/2202/557 734/2203/557 736/2204/557
f 735/2205/558 731/2206/558 733/2207/558 737/2208/558
usemtl m_cbbaa641-3d5f-bbfd-250c-0a2cedf235de
f 739/2209/559 738/2210/559 740/2211/559 741/2212/559
f 744/2213/560 742/2214/560 743/2215/560 745/2216/560
f 742/2217/561 738/2218/561 739/2219/561 743/2220/561
f 741/2221/562 740/2222/562 744/2223/562 745/2224/562
f 740/2225/563 738/2226/563 742/2227/563 744/2228/563
f 743/2229/564 739/2230/564 741/2231/564 745/2232/564
usemtl m_3cd41fd8-a924-3337-10c6-43431aef2fe8
f 747/2233/565 746/2234/565 748/2235/565 749/2236/565
f 752/2237/566 750/2238/566 751/2239/566 753/2240/566
f 750/2241/567 746/2242/567 747/2243/567 751/2244/567
f 749/2245/568 748/2246/568 752/2247/568 753/2248/568
f 748/2249/569 746/2250/569 750/2251/569 752/2252/569
f 751/2253/570 747/2254/570 749/2255/570 753/2256/570
f 755/2257/571 754/2258/571 756/2259/571 757/2260/571
f 760/2261/572 758/2262/572 759/2263/572 761/2264/572
f 758/2265/573 754/2266/573 755/2267/573 759/2268/573
f 757/2269/574 756/2270/574 760/2271/574 761/2272/574
f 756/2273/575 754/2274/575 758/2275/575 760/2276/575
f 759/2277/576 755/2278/576 757/2279/576 761/2280/576
f 763/2281/577 762/2282/577 764/2283/577 765/2284/577
f 768/2285/578 766/2286/578 767/2287/578 769/2288/578
f 766/2289/579 762/2290/579 763/2291/579 767/2292/579
f 765/2293/580 764/2294/580 768/2295/580 769/2296/580
f 764/2297/581 762/2298/581 766/2299/581 768/2300/581
f 767/2301/582 763/2302/582 765/2303/582 769/2304/582
usemtl m_05827b62-747b-aacc-f312-8bb8042344cc
f 771/2305/583 770/2306/583 772/2307/583 773/2308/583
f 776/2309/584 774/2310/584 775/2311/584 777/2312/584
f 774/2313/585 770/2314/585 771/2315/585 775/2316/585
f 773/2317/586 772/2318/586 776/2319/586 777/2320/586
f 772/2321/587 770/2322/587 774/2323/587 776/2324/587
f 775/2325/588 771/2326/588 773/2327/588 777/2328/588
f 779/2329/589 778/2330/589 780/2331/589 781/2332/589
f 784/2333/590 782/2334/590 783/2335/590 785/2336/590
f 782/2337/591 778/2338/591 779/2339/591 783/2340/591
f 781/2341/592 780/2342/592 784/2343/592 785/2344/592
f 780/2345/593 778/2346/593 782/2347/593 784/2348/593
f 783/2349/594 779/2350/594 781/2351/594 785/2352/594
f 787/2353/595 786/2354/595 788/2355/595 789/2356/595
usemtl m_cbbaa641-3d5f-bbfd-250c-0a2cedf235de
f 792/2357/596 790/2358/596 791/2359/596 793/2360/596
f 790/2361/597 786/2362/597 787/2363/597 791/2364/597
f 789/2365/598 788/2366/598 792/2367/598 793/2368/598
f 788/2369/599 786/2370/599 790/2371/599 792/2372/599
f 791/2373/600 787/2374/600 789/2375/600 793/2376/600
f 795/2377/601 794/2378/601 796/2379/601 797/2380/601
f 800/2381/602 798/2382/602 799/2383/602 801/2384/602
f 798/2385/603 794/2386/603 795/2387/603 799/2388/603
f 797/2389/604 796/2390/604 800/2391/604 801/2392/604
f 796/2393/605 794/2394/605 798/2395/605 800/2396/605
f 799/2397/606 795/2398/606 797/2399/606 801/2400/606
f 803/2401/607 802/2402/607 804/2403/607 805/2404/607
usemtl m_05827b62-747b-aacc-f312-8bb8042344cc
f 808/2405/608 806/2406/608 807/2407/608 809/2408/608
usemtl m_cbbaa641-3d5f-bbfd-250c-0a2cedf235de
f 806/2409/609 802/2410/609 803/2411/609 807/2412/609
f 805/2413/610 804/2414/610 808/2415/610 809/2416/610
f 804/2417/611 802/2418/611 806/2419/611 808/2420/611
f 807/2421/612 803/2422/612 805/2423/612 809/2424/612
usemtl m_3cd41fd8-a924-3337-10c6-43431aef2fe8
f 811/2425/613 810/2426/613 812/2427/613 813/2428/613
f 816/2429/614 814/2430/614 815/2431/614 817/2432/614
f 814/2433/615 810/2434/615 811/2435/615 815/2436/615
f 813/2437/616 812/2438/616 816/2439/616 817/2440/616
f 812/2441/617 810/2442/617 814/2443/617 816/2444/617
f 815/2445/618 811/2446/618 813/2447/618 817/2448/618
f 819/2449/619 818/2450/619 820/2451/619 821/2452/619
f 824/2453/620 822/2454/620 823/2455/620 825/2456/620
f 822/2457/621 818/2458/621 819/2459/621 823/2460/621
f 821/2461/622 820/2462/622 824/2463/622 825/2464/622
f 820/2465/623 818/2466/623 822/2467/623 824/2468/623
f 823/2469/624 819/2470/624 821/2471/624 825/2472/624
f 827/2473/625 826/2474/625 828/2475/625 829/2476/625
f 830/2477/626 826/2478/626 827/2479/626 831/2480/626
f 829/2481/627 828/2482/627 832/2483/627 833/2484/627
f 828/2485/628 826/2486/628 830/2487/628 832/2488/628
f 831/2489/629 827/2490/629 829/2491/629 833/2492/629
f 832/2493/630 830/2494/630 831/2495/630 833/2496/630
f 835/2497/631 834/2498/631 836/2499/631 837/2500/631
f 840/2501/632 838/2502/632 839/2503/632 841/2504/632
f 838/2505/633 834/2506/633 835/2507/633 839/2508/633
f 837/2509/634 836/2510/634 840/2511/634 841/2512/634
f 836/2513/635 834/2514/635 838/2515/635 840/2516/635
f 839/2517/636 835/2518/636 837/2519/636 841/2520/636
f 843/2521/637 842/2522/637 844/2523/637 845/2524/637
f 847/2525/638 1/2526/638 846/2527/638 848/2528/638
f 1/2529/639 842/2530/639 843/2531/639 846/2532/639
f 845/2533/640 844/2534/640 847/2535/640 848/2536/640
f 844/2537/641 842/2538/641 1/2539/641 847/2540/641
f 846/2541/642 843/2542/642 845/2543/642 848/2544/642
f 850/2545/643 849/2546/643 851/2547/643 852/2548/643
f 855/2549/644 853/2550/644 854/2551/644 856/2552/644
f 853/2553/645 849/2554/645 850/2555/645 854/2556/645
f 852/2557/646 851/2558/646 855/2559/646 856/2560/646
f 851/2561/647 849/2562/647 853/2563/647 855/2564/647
f 854/2565/648 850/2566/648 852/2567/648 856/2568/648
f 858/2569/649 857/2570/649 859/2571/649 860/2572/649
f 863/2573/650 861/2574/650 862/2575/650 864/2576/650
f 861/2577/651 857/2578/651 858/2579/651 862/2580/651
f 860/2581/652 859/2582/652 863/2583/652 864/2584/652
f 859/2585/653 857/2586/653 861/2587/653 863/2588/653
f 862/2589/654 858/2590/654 860/2591/654 864/2592/654
f 866/2593/655 865/2594/655 867/2595/655 868/2596/655
f 871/2597/656 869/2598/656 870/2599/656 872/2600/656
f 869/2601/657 865/2602/657 866/2603/657 870/2604/657
f 868/2605/658 867/2606/658 871/2607/658 872/2608/658
f 867/2609/659 865/2610/659 869/2611/659 871/2612/659
f 870/2613/660 866/2614/660 868/2615/660 872/2616/660
f 874/2617/661 873/2618/661 875/2619/661 876/2620/661
f 879/2621/662 877/2622/662 878/2623/662 880/2624/662
f 877/2625/663 873/2626/663 874/2627/663 878/2628/663
f 876/2629/664 875/2630/664 879/2631/664 880/2632/664
f 875/2633/665 873/2634/665 877/2635/665 879/2636/665
f 878/2637/666 874/2638/666 876/2639/666 880/2640/666
f 882/2641/667 881/2642/667 883/2643/667 884/2644/667
f 887/2645/668 885/2646/668 886/2647/668 888/2648/668
f 885/2649/669 881/2650/669 882/2651/669 886/2652/669
f 884/2653/670 883/2654/670 887/2655/670 888/2656/670
f 883/2657/671 881/2658/671 885/2659/671 887/2660/671
f 886/2661/672 882/2662/672 884/2663/672 888/2664/672
f 890/2665/673 889/2666/673 891/2667/673 892/2668/673
f 895/2669/674 893/2670/674 894/2671/674 896/2672/674
f 893/2673/675 889/2674/675 890/2675/675 894/2676/675
f 892/2677/676 891/2678/676 895/2679/676 896/2680/676
f 891/2681/677 889/2682/677 893/2683/677 895/2684/677
f 894/2685/678 890/2686/678 892/2687/678 896/2688/678
f 898/2689/679 897/2690/679 899/2691/679 900/2692/679
f 903/2693/680 901/2694/680 902/2695/680 904/2696/680
f 901/2697/681 897/2698/681 898/2699/681 902/2700/681
f 900/2701/682 899/2702/682 903/2703/682 904/2704/682
f 899/2705/683 897/2706/683 901/2707/683 903/2708/683
f 902/2709/684 898/2710/684 900/2711/684 904/2712/684
f 906/2713/685 905/2714/685 907/2715/685 908/2716/685
f 911/2717/686 909/2718/686 910/2719/686 912/2720/686
f 909/2721/687 905/2722/687 906/2723/687 910/2724/687
f 908/2725/688 907/2726/688 911/2727/688 912/2728/688
f 907/2729/689 905/2730/689 909/2731/689 911/2732/689
f 910/2733/690 906/2734/690 908/2735/690 912/2736/690
f 914/2737/691 913/2738/691 915/2739/691 916/2740/691
f 919/2741/692 917/2742/692 918/2743/692 920/2744/692
f 917/2745/693 913/2746/693 914/2747/693 918/2748/693
f 916/2749/694 915/2750/694 919/2751/694 920/2752/694
f 915/2753/695 913/2754/695 917/2755/695 919/2756/695
f 918/2757/696 914/2758/696 916/2759/696 920/2760/696
f 922/2761/697 921/2762/697 923/2763/697 924/2764/697
f 927/2765/698 925/2766/698 926/2767/698 928/2768/698
f 925/2769/699 921/2770/699 922/2771/699 926/2772/699
f 924/2773/700 923/2774/700 927/2775/700 928/2776/700
f 923/2777/701 921/2778/701 925/2779/701 927/2780/701
f 926/2781/702 922/2782/702 924/2783/702 928/2784/702
f 930/2785/703 929/2786/703 931/2787/703 932/2788/703
f 933/2789/704 929/2790/704 930/2791/704 934/2792/704
f 932/2793/705 931/2794/705 935/2795/705 936/2796/705
f 931/2797/706 929/2798/706 933/2799/706 935/2800/706
f 934/2801/707 930/2802/707 932/2803/707 936/2804/707
f 935/2805/708 933/2806/708 934/2807/708 936/2808/708
f 938/2809/709 937/2810/709 939/2811/709 940/2812/709
f 941/2813/710 937/2814/710 938/2815/710 942/2816/710
f 940/2817/711 939/2818/711 943/2819/711 944/2820/711
f 939/2821/712 937/2822/712 941/2823/712 943/2824/712
f 942/2825/713 938/2826/713 940/2827/713 944/2828/713
f 943/2829/714 941/2830/714 942/2831/714 944/2832/714
f 946/2833/715 945/2834/715 947/2835/715 948/2836/715
f 949/2837/716 945/2838/716 946/2839/716 950/2840/716
f 948/2841/717 947/2842/717 951/2843/717 952/2844/717
f 947/2845/718 945/2846/718 949/2847/718 951/2848/718
f 950/2849/719 946/2850/719 948/2851/719 952/2852/719
f 951/2853/720 949/2854/720 950/2855/720 952/2856/720
f 954/2857/721 953/2858/721 955/2859/721 956/2860/721
f 957/2861/722 953/2862/722 954/2863/722 958/2864/722
f 956/2865/723 955/2866/723 959/2867/723 960/2868/723
f 955/2869/724 953/2870/724 957/2871/724 959/2872/724
f 958/2873/725 954/2874/725 956/2875/725 960/2876/725
f 959/2877/726 957/2878/726 958/2879/726 960/2880/726
f 962/2881/727 961/2882/727 963/2883/727 964/2884/727
f 965/2885/728 961/2886/728 962/2887/728 966/2888/728
f 964/2889/729 963/2890/729 967/2891/729 968/2892/729
f 963/2893/730 961/2894/730 965/2895/730 967/2896/730
f 966/2897/731 962/2898/731 964/2899/731 968/2900/731
f 967/2901/732 965/2902/732 966/2903/732 968/2904/732
f 970/2905/733 969/2906/733 971/2907/733 972/2908/733
f 973/2909/734 969/2910/734 970/2911/734 974/2912/734
f 972/2913/735 971/2914/735 975/2915/735 976/2916/735
f 971/2917/736 969/2918/736 973/2919/736 975/2920/736
f 974/2921/737 970/2922/737 972/2923/737 976/2924/737
f 975/2925/738 973/2926/738 974/2927/738 976/2928/738
f 978/2929/739 977/2930/739 979/2931/739 980/2932/739
f 981/2933/740 977/2934/740 978/2935/740 982/2936/740
f 980/2937/741 979/2938/741 983/2939/741 984/2940/741
f 979/2941/742 977/2942/742 981/2943/742 983/2944/742
f 982/2945/743 978/2946/743 980/2947/743 984/2948/743
f 983/2949/744 981/2950/744 982/2951/744 984/2952/744
f 986/2953/745 985/2954/745 987/2955/745 988/2956/745
f 991/2957/746 989/2958/746 990/2959/746 992/2960/746
f 989/2961/747 985/2962/747 986/2963/747 990/2964/747
f 988/2965/748 987/2966/748 991/2967/748 992/2968/748
f 987/2969/749 985/2970/749 989/2971/749 991/2972/749
f 990/2973/750 986/2974/750 988/2975/750 992/2976/750
f 994/2977/751 993/2978/751 995/2979/751 996/2980/751
f 999/2981/752 997/2982/752 998/2983/752 1000/2984/752
f 997/2985/753 993/2986/753 994/2987/753 998/2988/753
f 996/2989/754 995/2990/754 999/2991/754 1000/2992/754
f 995/2993/755 993/2994/755 997/2995/755 999/2996/755
f 998/2997/756 994/2998/756 996/2999/756 1000/3000/756
f 1002/3001/757 1001/3002/757 1003/3003/757 1004/3004/757
f 1007/3005/758 1005/3006/758 1006/3007/758 1008/3008/758
f 1005/3009/759 1001/3010/759 1002/3011/759 1006/3012/759
f 1004/3013/760 1003/3014/760 1007/3015/760 1008/3016/760
f 1003/3017/761 1001/3018/761 1005/3019/761 1007/3020/761
f 1006/3021/762 1002/3022/762 1004/3023/762 1008/3024/762
f 1010/3025/763 1009/3026/763 1011/3027/763 1012/3028/763
f 1015/3029/764 1013/3030/764 1014/3031/764 1016/3032/764
f 1013/3033/765 1009/3034/765 1010/3035/765 1014/3036/765
f 1012/3037/766 1011/3038/766 1015/3039/766 1016/3040/766
f 1011/3041/767 1009/3042/767 1013/3043/767 1015/3044/767
f 1014/3045/768 1010/3046/768 1012/3047/768 1016/3048/768
f 1018/3049/769 1017/3050/769 1019/3051/769 1020/3052/769
f 1023/3053/770 1021/3054/770 1022/3055/770 1024/3056/770
f 1021/3057/771 1017/3058/771 1018/3059/771 1022/3060/771
f 1020/3061/772 1019/3062/772 1023/3063/772 1024/3064/772
f 1019/3065/773 1017/3066/773 1021/3067/773 1023/3068/773
f 1022/3069/774 1018/3070/774 1020/3071/774 1024/3072/774
f 1026/3073/775 1025/3074/775 1027/3075/775 1028/3076/775
f 1031/3077/776 1029/3078/776 1030/3079/776 1032/3080/776
f 1029/3081/777 1025/3082/777 1026/3083/777 1030/3084/777
f 1028/3085/778 1027/3086/778 1031/3087/778 1032/3088/778
f 1027/3089/779 1025/3090/779 1029/3091/779 1031/3092/779
f 1030/3093/780 1026/3094/780 1028/3095/780 1032/3096/780
f 1034/3097/781 1033/3098/781 1035/3099/781 1036/3100/781
f 1039/3101/782 1037/3102/782 1038/3103/782 1040/3104/782
f 1037/3105/783 1033/3106/783 1034/3107/783 1038/3108/783
f 1036/3109/784 1035/3110/784 1039/3111/784 1040/3112/784
f 1035/3113/785 1033/3114/785 1037/3115/785 1039/3116/785
f 1038/3117/786 1034/3118/786 1036/3119/786 1040/3120/786
f 1042/3121/787 1041/3122/787 1043/3123/787 1044/3124/787
f 1047/3125/788 1045/3126/788 1046/3127/788 1048/3128/788
f 1045/3129/789 1041/3130/789 1042/3131/789 1046/3132/789
f 1044/3133/790 1043/3134/790 1047/3135/790 1048/3136/790
f 1043/3137/791 1041/3138/791 1045/3139/791 1047/3140/791
f 1046/3141/792 1042/3142/792 1044/3143/792 1048/3144/792